funcionario_id,idade,sexo,distancia_casa,nivel_cargo,departamento,salario_mensal,avaliacao_performance,satisfacao_trabalho,desligamento
501,44,Feminino,1,2,Comercial,6065,3,4,Sim
502,52,Masculino,8,2,Produção e Montagem,5202,4,2,Não
504,40,Masculino,2,1,Produção e Montagem,2162,3,3,Sim
505,36,Feminino,3,1,Produção e Montagem,2981,3,3,Não
507,30,Masculino,2,1,Produção e Montagem,3540,3,2,Não
508,35,Masculino,2,1,Produção e Montagem,3140,3,4,Não
510,62,Feminino,3,1,Produção e Montagem,2742,4,1,Não
511,33,Masculino,24,1,Produção e Montagem,2765,4,3,Não
512,41,Masculino,23,3,Produção e Montagem,9598,4,3,Não
513,39,Masculino,27,2,Produção e Montagem,5309,3,3,Não
514,38,Masculino,16,1,Produção e Montagem,2498,3,2,Não
515,32,Feminino,15,2,Produção e Montagem,4265,3,3,Não
516,34,Masculino,26,1,Produção e Montagem,2983,3,3,Não
518,37,Masculino,19,1,Produção e Montagem,2733,3,4,Não
519,31,Masculino,24,1,Produção e Montagem,2100,3,3,Sim
520,32,Feminino,21,3,Produção e Montagem,10052,3,1,Não
521,35,Masculino,5,1,Produção e Montagem,3370,3,2,Não
522,25,Masculino,16,1,Produção e Montagem,3007,3,4,Não
523,56,Feminino,2,4,Comercial,15499,3,4,Não
524,41,Masculino,2,1,Produção e Montagem,4016,3,4,Não
526,27,Feminino,11,2,Produção e Montagem,4083,3,3,Não
527,39,Masculino,9,1,Comercial,3479,4,1,Sim
528,37,Feminino,7,3,Produção e Montagem,12066,3,2,Não
530,24,Masculino,15,1,Produção e Montagem,1304,3,4,Não
531,37,Masculino,6,1,Produção e Montagem,3032,3,1,Sim
532,56,Feminino,5,5,Produção e Montagem,19166,3,3,Não
533,35,Feminino,16,1,Produção e Montagem,3991,4,1,Sim
535,45,Masculino,8,2,Comercial,6897,3,2,Não
536,47,Feminino,7,3,Produção e Montagem,10320,3,4,Não
538,49,Feminino,2,5,Comercial,19019,3,1,Não
539,36,Masculino,2,1,Produção e Montagem,2568,3,4,Não
540,47,Masculino,10,2,Produção e Montagem,6537,3,4,Não
541,33,Masculino,9,1,Produção e Montagem,2278,3,3,Não
542,42,Masculino,5,2,Comercial,2158,3,4,Sim
545,27,Masculino,1,1,Produção e Montagem,2365,3,4,Sim
546,46,Feminino,2,1,Produção e Montagem,2717,3,3,Não
547,53,Masculino,3,1,Comercial,2755,3,3,Sim
549,38,Feminino,2,1,Comercial,2086,3,4,Não
551,39,Feminino,5,1,Produção e Montagem,3491,3,1,Não
552,36,Feminino,1,2,Comercial,5448,3,1,Não
553,38,Masculino,4,1,Produção e Montagem,2023,3,4,Não
554,30,Feminino,2,1,Produção e Montagem,2413,3,1,Não
555,29,Masculino,25,1,Produção e Montagem,2365,3,3,Sim
556,30,Masculino,8,3,Comercial,8798,3,3,Não
557,33,Feminino,1,2,Produção e Montagem,4083,4,4,Não
558,44,Feminino,12,5,Produção e Montagem,19617,3,3,Sim
560,37,Masculino,23,2,Comercial,4640,4,3,Não
561,40,Masculino,19,1,Produção e Montagem,3094,4,2,Não
562,49,Masculino,5,2,Comercial,5844,4,4,Não
563,38,Masculino,8,1,Produção e Montagem,2341,3,4,Não
564,51,Masculino,1,3,Produção e Montagem,5453,3,3,Sim
565,31,Masculino,5,1,Produção e Montagem,3513,3,3,Sim
568,47,Feminino,1,2,Comercial,5526,4,1,Não
570,38,Masculino,11,3,Produção e Montagem,9956,3,1,Não
572,29,Feminino,23,2,Comercial,4229,3,4,Não
573,36,Feminino,1,3,Produção e Montagem,13530,3,4,Não
574,38,Masculino,18,3,Comercial,9141,4,1,Não
575,38,Feminino,23,1,Produção e Montagem,4086,3,1,Não
576,34,Masculino,7,2,Produção e Montagem,5987,4,4,Não
577,40,Masculino,1,2,Produção e Montagem,6065,3,3,Não
578,35,Masculino,1,2,Produção e Montagem,6234,4,4,Não
579,41,Feminino,29,2,Produção e Montagem,2478,3,4,Não
580,53,Feminino,7,5,Produção e Montagem,18812,3,3,Não
581,62,Feminino,25,3,Comercial,7709,3,1,Não
583,39,Feminino,8,3,Produção e Montagem,10168,3,3,Não
584,58,Feminino,8,4,Produção e Montagem,14828,3,3,Não
585,39,Masculino,11,2,Produção e Montagem,6571,3,2,Não
586,48,Masculino,7,3,Produção e Montagem,9796,3,1,Não
588,38,Masculino,1,1,Produção e Montagem,2266,3,1,Não
590,39,Masculino,9,1,Produção e Montagem,3460,3,3,Sim
591,62,Feminino,1,2,Comercial,5545,3,3,Não
594,32,Masculino,2,1,Produção e Montagem,2775,4,2,Não
595,34,Masculino,1,1,Produção e Montagem,2573,3,2,Não
596,35,Masculino,1,2,Produção e Montagem,6292,3,2,Não
597,39,Feminino,6,1,Produção e Montagem,3110,3,4,Não
598,34,Feminino,8,2,Produção e Montagem,4496,4,4,Não
600,38,Masculino,1,2,Comercial,4384,3,1,Não
601,48,Masculino,6,3,Produção e Montagem,13317,3,1,Não
602,40,Masculino,7,3,Produção e Montagem,13736,3,3,Não
603,49,Masculino,5,2,Recursos Humanos,5093,4,2,Não
604,33,Masculino,1,2,Produção e Montagem,5198,3,4,Não
605,38,Masculino,1,1,Produção e Montagem,2931,3,3,Não
606,58,Masculino,1,3,Comercial,10311,3,4,Não
607,41,Feminino,6,2,Produção e Montagem,5401,3,4,Não
610,37,Masculino,1,2,Produção e Montagem,4397,3,2,Não
612,59,Masculino,7,3,Produção e Montagem,7332,3,4,Não
613,26,Masculino,2,1,Comercial,2394,3,1,Não
616,54,Masculino,9,1,Produção e Montagem,2147,4,4,Não
617,33,Masculino,2,2,Produção e Montagem,4224,3,4,Não
618,49,Masculino,9,3,Comercial,9691,3,4,Sim
619,43,Masculino,1,4,Produção e Montagem,13575,4,2,Não
620,54,Masculino,21,2,Comercial,5513,4,4,Não
621,33,Feminino,4,2,Comercial,5281,3,2,Não
624,49,Masculino,1,3,Produção e Montagem,10745,3,1,Não
625,35,Masculino,6,2,Comercial,5082,3,3,Não
626,57,Feminino,2,3,Produção e Montagem,13621,3,3,Não
628,27,Feminino,3,2,Comercial,5071,4,3,Não
629,31,Masculino,4,2,Comercial,4293,3,3,Não
631,61,Masculino,10,4,Comercial,13944,3,3,Não
632,47,Masculino,23,2,Produção e Montagem,2114,3,2,Não
633,40,Masculino,6,1,Recursos Humanos,2145,4,1,Sim
634,35,Masculino,1,1,Produção e Montagem,3028,3,1,Não
637,23,Feminino,6,1,Produção e Montagem,2998,3,4,Sim
638,37,Feminino,6,2,Produção e Montagem,4881,3,3,Não
639,40,Masculino,2,2,Produção e Montagem,5235,3,4,Não
640,62,Feminino,2,5,Recursos Humanos,18916,4,4,Não
641,53,Feminino,1,5,Produção e Montagem,18244,3,2,Não
642,28,Masculino,5,2,Comercial,5816,3,3,Sim
643,28,Masculino,7,1,Produção e Montagem,2961,3,4,Não
644,25,Feminino,15,1,Produção e Montagem,2943,3,4,Não
645,54,Feminino,1,3,Produção e Montagem,7556,4,1,Não
647,37,Masculino,7,2,Produção e Montagem,6146,4,3,Sim
648,57,Feminino,26,4,Recursos Humanos,17400,3,4,Não
650,27,Masculino,18,1,Produção e Montagem,2846,3,3,Não
651,37,Feminino,6,2,Produção e Montagem,4577,3,2,Não
652,40,Masculino,3,3,Comercial,7500,3,4,Não
653,37,Feminino,5,3,Produção e Montagem,11703,3,1,Não
654,39,Feminino,11,3,Comercial,9810,3,4,Não
655,39,Feminino,3,1,Produção e Montagem,2907,4,4,Não
658,46,Masculino,26,4,Comercial,17031,3,4,Não
659,33,Masculino,23,1,Produção e Montagem,2685,4,3,Não
660,36,Masculino,22,2,Comercial,6218,3,2,Não
661,59,Feminino,14,1,Produção e Montagem,5035,3,2,Sim
662,54,Masculino,6,5,Produção e Montagem,19609,3,3,Não
663,34,Masculino,6,2,Comercial,6244,3,3,Sim
664,29,Feminino,6,1,Produção e Montagem,2440,3,2,Não
665,61,Feminino,23,3,Produção e Montagem,10384,3,4,Sim
667,22,Masculino,22,1,Comercial,1747,3,3,Sim
669,25,Masculino,2,1,Produção e Montagem,2595,3,4,Não
670,52,Feminino,20,2,Produção e Montagem,6639,3,1,Não
671,46,Feminino,28,1,Produção e Montagem,4811,3,3,Não
674,53,Feminino,12,3,Comercial,9280,3,4,Não
675,34,Feminino,20,2,Comercial,4631,3,3,Sim
676,44,Masculino,9,3,Comercial,8261,3,3,Não
677,29,Feminino,25,1,Recursos Humanos,3014,4,3,Não
678,39,Masculino,6,2,Produção e Montagem,5013,4,2,Não
679,54,Masculino,8,3,Produção e Montagem,10722,3,4,Sim
682,42,Feminino,4,2,Comercial,5974,3,3,Não
683,28,Masculino,28,2,Comercial,8711,3,3,Não
684,33,Masculino,9,2,Recursos Humanos,6419,3,4,Não
690,35,Feminino,9,1,Produção e Montagem,4272,4,1,Sim
692,48,Masculino,29,1,Produção e Montagem,3524,3,4,Não
693,41,Feminino,3,2,Produção e Montagem,4389,4,3,Não
694,33,Feminino,18,1,Produção e Montagem,2704,3,3,Não
695,35,Masculino,9,2,Comercial,4740,3,4,Não
697,33,Feminino,5,1,Produção e Montagem,3276,3,1,Não
698,33,Masculino,2,1,Produção e Montagem,2792,3,4,Não
699,44,Masculino,10,4,Produção e Montagem,17253,3,1,Não
700,44,Masculino,9,1,Produção e Montagem,2310,4,1,Não
701,22,Feminino,3,1,Produção e Montagem,1555,3,2,Não
702,43,Feminino,26,2,Produção e Montagem,5677,3,2,Não
704,38,Masculino,1,3,Comercial,7367,3,2,Não
705,56,Masculino,6,2,Comercial,2378,4,3,Não
706,48,Masculino,9,2,Produção e Montagem,2420,3,2,Não
707,35,Feminino,8,3,Comercial,9070,3,4,Não
708,32,Masculino,1,2,Produção e Montagem,4391,3,3,Não
711,54,Masculino,7,2,Produção e Montagem,6204,3,3,Não
714,61,Feminino,9,1,Produção e Montagem,3418,4,2,Não
715,43,Masculino,4,3,Comercial,10927,3,4,Não
716,37,Feminino,2,1,Comercial,2303,3,3,Não
717,25,Masculino,19,1,Produção e Montagem,2395,4,4,Não
718,30,Masculino,9,1,Produção e Montagem,2096,3,2,Não
721,31,Masculino,21,1,Produção e Montagem,2785,3,4,Não
723,60,Masculino,24,3,Produção e Montagem,9511,3,4,Não
724,30,Masculino,3,1,Produção e Montagem,2638,3,3,Não
726,53,Feminino,11,5,Produção e Montagem,19998,3,2,Não
727,44,Masculino,14,1,Produção e Montagem,2523,3,3,Não
728,33,Feminino,5,3,Comercial,9491,3,4,Não
730,41,Feminino,1,2,Comercial,8758,4,4,Não
731,35,Masculino,6,1,Produção e Montagem,3110,4,3,Não
733,30,Masculino,17,1,Produção e Montagem,3130,3,2,Não
735,22,Feminino,1,1,Comercial,2397,4,1,Sim
738,39,Masculino,3,1,Produção e Montagem,2160,3,2,Não
739,33,Masculino,9,2,Produção e Montagem,3144,3,1,Não
740,48,Feminino,4,2,Comercial,5078,3,1,Não
741,59,Feminino,8,1,Produção e Montagem,4329,3,1,Não
742,36,Masculino,2,1,Produção e Montagem,2572,3,4,Não
743,22,Masculino,2,1,Produção e Montagem,1174,4,4,Sim
744,49,Feminino,1,3,Comercial,10525,4,1,Não
745,41,Feminino,9,1,Produção e Montagem,2360,3,4,Não
746,34,Feminino,12,1,Produção e Montagem,4001,4,4,Não
747,37,Feminino,27,1,Produção e Montagem,2383,3,2,Não
748,44,Feminino,20,1,Comercial,3212,4,2,Sim
749,53,Masculino,1,1,Produção e Montagem,3762,3,3,Não
750,56,Feminino,13,2,Produção e Montagem,4522,3,1,Não
752,36,Feminino,14,1,Produção e Montagem,2828,3,2,Não
753,43,Feminino,4,5,Produção e Montagem,19105,3,3,Não
754,58,Masculino,14,5,Produção e Montagem,18794,3,2,Não
756,37,Masculino,2,2,Produção e Montagem,9619,3,3,Não
758,54,Feminino,3,4,Produção e Montagem,13806,3,2,Não
759,55,Masculino,1,5,Produção e Montagem,20071,3,3,Não
760,30,Feminino,9,1,Produção e Montagem,2351,3,2,Não
761,38,Masculino,23,2,Produção e Montagem,5988,3,3,Sim
762,46,Masculino,7,1,Produção e Montagem,2161,3,4,Não
764,48,Masculino,2,4,Produção e Montagem,16864,4,4,Não
767,40,Masculino,21,1,Produção e Montagem,3636,3,1,Não
769,38,Feminino,2,2,Produção e Montagem,4497,3,2,Não
770,45,Feminino,21,2,Produção e Montagem,5337,3,3,Não
771,41,Masculino,2,2,Produção e Montagem,6625,3,3,Não
773,41,Masculino,29,2,Produção e Montagem,6333,3,4,Não
774,30,Masculino,1,2,Produção e Montagem,4370,3,1,Não
775,52,Masculino,18,2,Produção e Montagem,6876,3,4,Não
777,37,Masculino,10,1,Produção e Montagem,3887,3,3,Não
781,43,Masculino,19,2,Produção e Montagem,2813,3,4,Não
782,41,Masculino,29,2,Produção e Montagem,6745,3,1,Sim
783,32,Feminino,27,3,Comercial,7711,4,4,Sim
784,25,Masculino,5,1,Produção e Montagem,2400,3,2,Não
786,39,Feminino,18,1,Produção e Montagem,2225,3,4,Não
787,43,Masculino,9,2,Produção e Montagem,4948,3,4,Não
788,49,Masculino,1,3,Produção e Montagem,9468,3,1,Não
791,35,Masculino,4,3,Comercial,10472,3,4,Sim
792,33,Masculino,1,3,Produção e Montagem,8546,4,3,Não
793,30,Feminino,20,2,Comercial,10053,3,3,Não
796,54,Masculino,8,3,Produção e Montagem,12562,3,2,Não
797,33,Feminino,3,1,Produção e Montagem,2729,3,1,Sim
798,44,Feminino,6,3,Comercial,13663,3,4,Não
799,33,Feminino,26,2,Comercial,6768,3,1,Sim
800,32,Masculino,1,1,Produção e Montagem,2130,3,3,Sim
802,48,Feminino,6,3,Comercial,8937,3,4,Não
803,57,Feminino,3,2,Comercial,6012,3,1,Não
804,39,Masculino,5,2,Produção e Montagem,5986,3,2,Não
805,36,Feminino,4,1,Produção e Montagem,2694,4,2,Não
806,40,Masculino,11,3,Produção e Montagem,12257,3,4,Não
807,41,Masculino,3,3,Comercial,10681,3,3,Não
808,34,Masculino,1,2,Produção e Montagem,4417,3,3,Não
809,62,Masculino,3,1,Produção e Montagem,2249,3,4,Não
811,40,Masculino,4,1,Comercial,2865,3,4,Não
812,32,Feminino,1,3,Comercial,7990,3,4,Não
814,38,Feminino,1,3,Comercial,8861,3,3,Não
815,32,Masculino,18,1,Produção e Montagem,2461,3,4,Sim
816,55,Feminino,2,1,Produção e Montagem,3284,3,4,Não
819,45,Masculino,4,5,Produção e Montagem,19304,3,4,Não
821,62,Masculino,6,1,Recursos Humanos,2339,3,3,Não
823,53,Feminino,1,5,Comercial,19589,3,4,Não
825,36,Masculino,14,1,Produção e Montagem,2508,3,4,Sim
827,46,Feminino,16,4,Comercial,16136,4,4,Não
828,36,Feminino,2,1,Produção e Montagem,2779,4,1,Sim
829,55,Masculino,2,5,Comercial,19140,3,3,Não
830,35,Feminino,4,1,Comercial,4003,3,2,Não
831,35,Masculino,1,1,Produção e Montagem,3802,3,3,Sim
832,42,Feminino,1,1,Produção e Montagem,2304,3,3,Não
833,35,Masculino,26,2,Comercial,4537,3,4,Não
834,44,Masculino,19,2,Produção e Montagem,3144,3,1,Não
835,43,Masculino,24,2,Produção e Montagem,3391,3,4,Não
836,48,Masculino,1,5,Produção e Montagem,19274,3,4,Não
837,34,Masculino,3,3,Produção e Montagem,13747,3,3,Não
838,36,Feminino,5,1,Produção e Montagem,2983,3,4,Não
839,37,Masculino,2,2,Produção e Montagem,6029,3,1,Não
840,40,Feminino,1,1,Produção e Montagem,3992,3,1,Não
841,48,Masculino,7,2,Produção e Montagem,6506,3,3,Não
842,40,Masculino,10,3,Produção e Montagem,10120,3,3,Sim
843,42,Feminino,2,3,Produção e Montagem,11010,4,3,Não
846,32,Masculino,15,1,Produção e Montagem,2412,3,4,Não
847,45,Feminino,17,2,Produção e Montagem,6617,3,1,Não
849,32,Masculino,20,2,Comercial,7003,3,4,Não
850,28,Feminino,1,2,Produção e Montagem,4970,3,3,Não
851,45,Feminino,2,1,Produção e Montagem,2665,3,1,Não
852,43,Masculino,2,5,Produção e Montagem,19508,3,3,Não
853,54,Masculino,1,1,Produção e Montagem,2795,3,4,Não
855,34,Masculino,29,1,Produção e Montagem,3551,3,2,Sim
859,35,Masculino,7,1,Produção e Montagem,2866,4,2,Não
861,41,Masculino,2,2,Comercial,5321,3,4,Não
862,35,Masculino,2,2,Produção e Montagem,2248,3,1,Não
863,49,Feminino,2,4,Comercial,16944,3,2,Não
864,31,Masculino,2,1,Produção e Montagem,3557,3,3,Sim
866,32,Masculino,2,2,Comercial,6716,3,2,Não
867,34,Masculino,23,2,Produção e Montagem,5654,4,4,Não
869,28,Masculino,5,2,Produção e Montagem,4072,3,1,Não
872,48,Masculino,20,4,Produção e Montagem,13568,3,4,Não
873,39,Masculino,6,1,Produção e Montagem,3282,3,4,Não
874,58,Masculino,1,5,Produção e Montagem,19117,3,1,Não
876,50,Masculino,29,3,Produção e Montagem,11921,3,2,Sim
877,31,Masculino,9,1,Produção e Montagem,2142,4,4,Não
878,40,Masculino,6,2,Comercial,6574,3,4,Não
879,24,Masculino,3,1,Produção e Montagem,3302,3,3,Não
880,40,Feminino,1,3,Produção e Montagem,13675,3,4,Não
881,38,Feminino,22,3,Produção e Montagem,12068,3,2,Não
882,41,Feminino,7,2,Comercial,5677,4,1,Não
884,29,Feminino,1,2,Produção e Montagem,6469,4,2,Não
885,53,Masculino,4,5,Produção e Montagem,19216,3,2,Não
886,56,Masculino,3,4,Produção e Montagem,17656,3,3,Não
887,45,Masculino,1,2,Comercial,4979,4,3,Não
888,32,Masculino,2,2,Comercial,4626,3,4,Não
889,58,Masculino,20,2,Produção e Montagem,5487,3,4,Não
890,29,Masculino,11,2,Produção e Montagem,4813,3,1,Não
891,40,Feminino,1,1,Produção e Montagem,2187,3,4,Não
892,47,Masculino,24,1,Produção e Montagem,3233,4,3,Sim
893,41,Masculino,23,2,Produção e Montagem,5817,3,4,Não
894,29,Masculino,16,1,Produção e Montagem,2445,3,2,Sim
895,31,Feminino,8,1,Produção e Montagem,3382,4,4,Não
896,52,Feminino,10,5,Produção e Montagem,18737,3,1,Não
897,39,Masculino,3,2,Produção e Montagem,4557,3,2,Não
899,34,Feminino,5,1,Comercial,2861,3,2,Não
901,29,Masculino,4,2,Comercial,5900,3,4,Sim
903,40,Masculino,9,1,Produção e Montagem,2398,3,4,Não
904,45,Feminino,26,4,Comercial,13597,3,2,Não
905,21,Masculino,3,1,Produção e Montagem,1492,3,3,Sim
906,38,Masculino,16,3,Comercial,8092,3,2,Não
907,39,Masculino,18,1,Produção e Montagem,3760,3,4,Não
908,54,Masculino,2,2,Produção e Montagem,5554,3,2,Não
910,44,Masculino,2,4,Comercial,16087,3,2,Não
911,21,Feminino,10,1,Comercial,1272,3,3,Não
912,31,Masculino,16,2,Produção e Montagem,5733,3,1,Não
916,34,Masculino,7,2,Comercial,7001,3,4,Não
917,42,Masculino,1,3,Produção e Montagem,9685,3,4,Não
919,39,Feminino,24,2,Produção e Montagem,5746,3,2,Não
920,35,Masculino,7,2,Comercial,5556,3,3,Não
921,41,Feminino,25,3,Produção e Montagem,12133,3,2,Não
922,61,Masculino,1,2,Produção e Montagem,5732,3,3,Não
923,34,Masculino,5,1,Produção e Montagem,4893,3,4,Não
924,34,Masculino,2,2,Recursos Humanos,6482,3,1,Não
925,48,Masculino,7,3,Produção e Montagem,5282,3,1,Não
926,34,Masculino,2,1,Produção e Montagem,2767,3,4,Não
928,36,Feminino,5,3,Produção e Montagem,11950,3,2,Não
929,42,Masculino,10,4,Produção e Montagem,17140,3,1,Não
930,46,Feminino,10,1,Produção e Montagem,2527,3,4,Não
931,52,Feminino,1,4,Produção e Montagem,14036,3,3,Não
933,55,Masculino,8,2,Produção e Montagem,5013,3,2,Sim
934,30,Feminino,5,1,Produção e Montagem,2550,3,2,Não
936,35,Feminino,8,2,Comercial,5300,3,2,Não
937,30,Masculino,2,2,Comercial,4550,3,3,Não
938,34,Masculino,7,2,Comercial,7619,3,4,Não
939,35,Feminino,2,2,Produção e Montagem,5127,3,4,Não
940,31,Masculino,2,1,Produção e Montagem,3536,3,4,Sim
941,33,Feminino,28,2,Produção e Montagem,5847,3,4,Não
942,34,Feminino,7,3,Produção e Montagem,9015,4,3,Não
944,42,Masculino,7,5,Produção e Montagem,19344,3,4,Não
945,42,Feminino,3,2,Comercial,5310,3,3,Sim
946,36,Masculino,10,2,Comercial,4754,3,4,Não
947,50,Masculino,5,5,Produção e Montagem,18372,3,3,Não
948,46,Feminino,10,2,Produção e Montagem,5329,3,3,Não
949,30,Masculino,1,2,Comercial,6421,3,2,Não
950,57,Feminino,20,2,Produção e Montagem,4941,3,3,Não
951,46,Feminino,7,3,Produção e Montagem,10057,3,1,Não
952,48,Masculino,8,2,Produção e Montagem,3769,3,4,Não
953,43,Masculino,1,2,Comercial,7529,4,4,Não
954,32,Masculino,8,1,Produção e Montagem,2191,3,1,Sim
955,32,Masculino,9,1,Produção e Montagem,4055,3,4,Não
956,33,Feminino,5,2,Comercial,6190,3,3,Não
958,30,Feminino,8,2,Comercial,6286,3,2,Não
960,40,Masculino,5,2,Produção e Montagem,6419,3,4,Não
961,41,Masculino,15,3,Produção e Montagem,11582,3,4,Não
962,34,Feminino,7,3,Produção e Montagem,7215,3,4,Não
963,32,Feminino,10,2,Comercial,8340,3,2,Não
964,38,Masculino,5,3,Produção e Montagem,8167,3,2,Não
965,26,Masculino,26,1,Produção e Montagem,2976,3,4,Não
966,44,Masculino,6,2,Produção e Montagem,6104,3,2,Não
967,50,Masculino,4,2,Comercial,3048,3,3,Não
968,45,Feminino,23,4,Produção e Montagem,16064,3,4,Não
969,32,Masculino,2,2,Comercial,4721,3,3,Não
970,45,Masculino,2,1,Recursos Humanos,2768,3,3,Não
971,35,Feminino,2,1,Produção e Montagem,2442,3,2,Não
973,51,Feminino,29,3,Comercial,12576,4,3,Não
974,40,Masculino,6,2,Produção e Montagem,6046,3,1,Não
975,33,Feminino,25,2,Comercial,4808,3,3,Não
976,29,Masculino,1,2,Comercial,5368,3,3,Não
977,45,Masculino,2,2,Produção e Montagem,6853,4,4,Não
978,24,Feminino,1,1,Comercial,2246,3,2,Sim
979,39,Feminino,1,2,Comercial,6725,3,4,Não
981,39,Masculino,3,3,Comercial,9771,3,4,Não
982,60,Masculino,1,2,Produção e Montagem,6827,3,3,Não
983,43,Feminino,10,1,Produção e Montagem,2285,3,3,Não
984,24,Masculino,9,1,Comercial,2682,4,4,Não
985,36,Feminino,5,1,Comercial,2923,3,3,Sim
986,40,Feminino,10,1,Produção e Montagem,3524,4,1,Não
987,49,Feminino,7,2,Produção e Montagem,5330,3,3,Não
988,44,Masculino,4,2,Comercial,9427,3,2,Sim
991,53,Masculino,10,3,Produção e Montagem,10568,3,4,Não
992,43,Masculino,22,2,Comercial,6452,3,3,Sim
993,34,Masculino,9,1,Produção e Montagem,2729,3,2,Não
994,24,Feminino,12,1,Comercial,2788,3,2,Sim
995,32,Masculino,23,1,Produção e Montagem,2273,3,4,Não
996,38,Masculino,9,2,Produção e Montagem,6612,3,2,Não
997,30,Masculino,1,1,Produção e Montagem,3888,3,2,Não
998,31,Masculino,9,2,Comercial,5325,3,4,Não
999,52,Masculino,7,3,Produção e Montagem,11037,4,3,Não
1000,54,Feminino,14,2,Comercial,5008,3,4,Não
1001,39,Feminino,2,1,Produção e Montagem,2615,3,3,Não
1002,37,Masculino,19,2,Comercial,5376,3,4,Sim
1005,58,Feminino,2,4,Produção e Montagem,16731,3,4,Não
1007,27,Feminino,10,2,Comercial,4332,3,3,Não
1008,33,Masculino,2,1,Comercial,2548,3,2,Não
1010,29,Masculino,3,1,Produção e Montagem,3174,4,1,Sim
1011,25,Feminino,11,1,Produção e Montagem,2316,3,2,Não
1013,39,Masculino,2,3,Comercial,7668,3,3,Não
1014,33,Masculino,4,1,Produção e Montagem,2357,4,4,Sim
1015,40,Feminino,14,1,Produção e Montagem,3106,3,1,Não
1016,43,Feminino,2,2,Comercial,5787,3,2,Não
1017,45,Feminino,1,1,Produção e Montagem,2648,3,1,Não
1018,40,Masculino,10,2,Produção e Montagem,4269,3,2,Não
1020,46,Masculino,12,4,Produção e Montagem,14408,3,2,Não
1021,43,Feminino,2,2,Produção e Montagem,3520,4,3,Não
1022,57,Masculino,5,5,Produção e Montagem,19478,3,1,Não
1023,37,Feminino,4,2,Comercial,6610,3,3,Não
1024,34,Feminino,7,2,Produção e Montagem,4378,3,1,Não
1025,46,Masculino,21,1,Produção e Montagem,2330,4,4,Não
1026,46,Feminino,8,2,Produção e Montagem,4594,3,3,Não
1027,28,Feminino,4,2,Comercial,4559,3,4,Não
1029,40,Feminino,25,2,Produção e Montagem,4521,3,3,Não
1030,34,Masculino,1,1,Produção e Montagem,2290,3,1,Não
1031,42,Masculino,1,5,Produção e Montagem,19269,3,3,Não
1032,59,Feminino,6,4,Comercial,13284,3,1,Não
1033,33,Feminino,12,2,Comercial,6649,3,3,Não
1034,44,Masculino,1,3,Comercial,8464,3,1,Não
1036,31,Masculino,17,2,Produção e Montagem,4630,3,1,Não
1038,28,Masculino,3,1,Produção e Montagem,4103,3,1,Sim
1043,55,Masculino,3,3,Produção e Montagem,8041,3,3,Não
1044,48,Masculino,10,1,Produção e Montagem,2726,4,4,Não
1046,55,Feminino,4,4,Produção e Montagem,16627,3,4,Não
1047,45,Feminino,29,2,Produção e Montagem,4628,3,3,Não
1048,33,Feminino,2,2,Produção e Montagem,6163,4,4,Não
1049,63,Feminino,7,5,Produção e Montagem,19638,3,1,Não
1050,49,Feminino,18,2,Produção e Montagem,4882,3,3,Não
1051,45,Feminino,28,2,Produção e Montagem,4595,3,4,Não
1054,27,Feminino,1,1,Comercial,3274,3,2,Sim
1055,37,Feminino,6,1,Comercial,2423,3,3,Sim
1056,41,Masculino,2,1,Produção e Montagem,1774,4,4,Não
1058,43,Feminino,2,5,Comercial,18113,3,3,Não
1060,29,Feminino,23,1,Produção e Montagem,2958,4,4,Não
1062,33,Masculino,3,1,Produção e Montagem,2169,3,4,Não
1064,32,Masculino,3,3,Produção e Montagem,12007,3,3,Não
1065,32,Feminino,25,1,Produção e Montagem,2618,3,2,Sim
1066,22,Masculino,2,1,Recursos Humanos,2636,3,4,Sim
1067,33,Feminino,22,3,Comercial,8484,3,1,Não
1068,60,Masculino,29,4,Comercial,14190,3,4,Não
1069,53,Masculino,29,4,Produção e Montagem,17118,3,3,Não
1071,33,Feminino,2,1,Produção e Montagem,2636,3,4,Não
1073,63,Feminino,28,3,Comercial,10338,3,1,Não
1074,50,Feminino,2,2,Produção e Montagem,5142,3,4,Não
1075,49,Masculino,2,4,Produção e Montagem,17933,3,3,Não
1077,38,Masculino,22,1,Produção e Montagem,4302,3,3,Não
1078,57,Feminino,8,2,Produção e Montagem,3852,3,3,Não
1079,37,Masculino,2,1,Produção e Montagem,2840,3,3,Não
1080,49,Feminino,10,3,Comercial,9143,3,4,Não
1081,34,Masculino,9,3,Produção e Montagem,10720,4,2,Não
1082,36,Masculino,15,3,Produção e Montagem,13682,3,3,Sim
1084,36,Masculino,10,1,Produção e Montagem,3480,3,4,Sim
1085,33,Masculino,7,1,Comercial,3055,3,2,Não
1086,38,Masculino,16,3,Produção e Montagem,7704,3,3,Não
1087,34,Masculino,20,3,Produção e Montagem,9896,3,3,Sim
1090,37,Feminino,23,3,Recursos Humanos,10022,3,1,Sim
1091,45,Masculino,5,1,Produção e Montagem,2165,3,3,Não
1092,39,Masculino,10,3,Comercial,10052,3,4,Não
1093,25,Masculino,4,1,Produção e Montagem,3966,3,3,Sim
1095,51,Feminino,2,2,Comercial,4123,3,4,Não
1097,58,Feminino,18,4,Comercial,16907,4,2,Não
1099,44,Masculino,10,2,Comercial,6302,3,4,Não
1100,38,Masculino,1,2,Comercial,4789,3,3,Não
1101,43,Feminino,6,4,Produção e Montagem,13309,3,3,Não
1102,42,Feminino,8,1,Produção e Montagem,3827,3,3,Não
1104,34,Masculino,2,2,Comercial,6654,3,4,Não
1105,45,Masculino,24,3,Produção e Montagem,7478,4,1,Não
1106,48,Masculino,2,2,Comercial,4877,3,2,Não
1108,29,Feminino,17,1,Recursos Humanos,2813,3,3,Sim
1111,32,Masculino,19,2,Produção e Montagem,4334,3,4,Não
1112,36,Feminino,1,4,Produção e Montagem,16256,3,3,Não
1113,34,Masculino,7,3,Comercial,11629,4,4,Não
1114,21,Masculino,5,1,Comercial,1950,3,2,Sim
1115,43,Masculino,28,3,Comercial,11004,3,1,Não
1116,44,Feminino,2,2,Produção e Montagem,6883,3,3,Não
1118,29,Masculino,29,2,Comercial,4378,3,3,Não
1120,38,Feminino,1,2,Comercial,4931,3,3,Não
1121,37,Masculino,21,2,Comercial,5409,3,4,Não
1122,29,Masculino,24,1,Produção e Montagem,2412,3,4,Sim
1123,40,Feminino,1,3,Produção e Montagem,7563,3,4,Não
1124,49,Feminino,18,3,Produção e Montagem,10599,3,3,Não
1125,44,Feminino,2,4,Comercial,16667,3,1,Não
1126,40,Masculino,9,3,Comercial,8906,3,2,Não
1130,55,Masculino,6,2,Produção e Montagem,5649,3,1,Não
1131,35,Masculino,11,2,Comercial,4779,3,3,Sim
1132,27,Masculino,24,1,Comercial,2472,3,4,Não
1134,41,Feminino,10,2,Produção e Montagem,9896,3,3,Não
1135,40,Feminino,1,2,Produção e Montagem,6519,3,2,Não
1138,52,Masculino,18,5,Produção e Montagem,19574,3,3,Não
1139,27,Masculino,23,1,Produção e Montagem,2797,3,4,Não
1141,29,Masculino,28,2,Comercial,6344,4,2,Não
1143,27,Masculino,17,1,Produção e Montagem,2199,4,2,Não
1144,53,Masculino,3,5,Recursos Humanos,18272,3,2,Não
1145,28,Masculino,13,1,Comercial,2168,3,3,Não
1147,27,Feminino,7,1,Produção e Montagem,2958,3,3,Sim
1148,33,Masculino,12,1,Comercial,2105,3,1,Sim
1149,37,Masculino,1,1,Produção e Montagem,3694,3,4,Não
1150,34,Masculino,13,2,Comercial,4305,3,1,Sim
1152,38,Masculino,25,2,Produção e Montagem,3753,3,4,Não
1153,34,Masculino,6,2,Comercial,5532,4,4,Não
1155,30,Feminino,6,1,Produção e Montagem,2259,3,3,Não
1156,40,Masculino,2,2,Comercial,9674,3,3,Não
1157,23,Feminino,1,1,Produção e Montagem,2908,3,2,Não
1159,45,Feminino,2,2,Produção e Montagem,4161,3,4,Não
1161,46,Masculino,6,4,Produção e Montagem,16699,3,4,Não
1162,41,Feminino,1,1,Produção e Montagem,2691,3,1,Não
1163,46,Masculino,9,2,Produção e Montagem,5751,3,3,Não
1164,51,Feminino,1,4,Produção e Montagem,15474,3,1,Não
1165,47,Feminino,1,2,Recursos Humanos,6057,3,3,Não
1166,37,Feminino,14,1,Comercial,2651,3,3,Não
1167,30,Masculino,2,1,Comercial,3113,3,1,Sim
1169,24,Masculino,22,1,Comercial,3519,3,3,Não
1171,47,Masculino,3,5,Produção e Montagem,19585,3,4,Não
1175,25,Masculino,6,1,Produção e Montagem,2845,4,3,Não
1177,36,Masculino,8,2,Comercial,7176,3,3,Não
1179,35,Feminino,9,2,Produção e Montagem,6394,3,4,Não
1180,33,Feminino,3,1,Produção e Montagem,2155,4,3,Não
1182,56,Feminino,1,2,Comercial,8453,4,1,Não
1183,37,Masculino,1,1,Produção e Montagem,2763,3,4,Não
1184,48,Feminino,26,2,Comercial,4358,3,1,Sim
1186,29,Feminino,6,1,Produção e Montagem,2731,3,4,Não
1189,40,Masculino,3,3,Produção e Montagem,9506,3,3,Não
1190,32,Feminino,3,2,Comercial,5633,3,3,Não
1191,38,Masculino,6,2,Produção e Montagem,6718,3,4,Não
1192,36,Masculino,6,2,Produção e Montagem,7797,4,4,Não
1198,57,Masculino,19,3,Recursos Humanos,10797,3,2,Não
1199,39,Masculino,9,2,Produção e Montagem,8919,3,2,Não
1200,30,Masculino,3,1,Produção e Montagem,2117,3,4,Não
1201,23,Masculino,10,1,Produção e Montagem,1081,3,3,Sim
1202,36,Masculino,3,1,Produção e Montagem,3420,3,1,Sim
1204,38,Masculino,3,1,Produção e Montagem,1353,3,3,Não
1205,26,Masculino,4,1,Produção e Montagem,2891,3,1,Não
1207,28,Masculino,8,2,Comercial,4923,4,2,Não
1209,41,Feminino,7,2,Comercial,4100,4,4,Não
1210,32,Masculino,1,1,Produção e Montagem,2792,3,4,Não
1212,51,Masculino,2,2,Comercial,8192,3,2,Não
1214,30,Feminino,3,2,Comercial,4719,4,4,Não
1215,40,Masculino,10,1,Produção e Montagem,4752,3,4,Não
1216,53,Masculino,28,1,Produção e Montagem,3293,3,3,Não
1217,37,Feminino,9,3,Produção e Montagem,8693,3,2,Não
1220,27,Feminino,3,2,Comercial,4649,3,3,Sim
1221,42,Feminino,2,2,Produção e Montagem,4625,3,3,Não
1222,35,Masculino,10,2,Comercial,5468,3,4,Não
1223,53,Masculino,8,2,Comercial,6868,3,3,Sim
1224,41,Feminino,1,2,Produção e Montagem,7697,3,4,Não
1225,30,Feminino,1,3,Produção e Montagem,7484,3,1,Não
1227,35,Feminino,3,3,Produção e Montagem,11231,3,4,Não
1228,50,Masculino,14,2,Comercial,5032,3,1,Não
1229,43,Masculino,5,3,Comercial,10547,4,1,Não
1230,56,Masculino,7,4,Produção e Montagem,14886,3,3,Não
1231,44,Masculino,10,5,Recursos Humanos,19213,3,4,Não
1232,63,Masculino,16,2,Comercial,5477,3,1,Não
1233,30,Masculino,10,3,Produção e Montagem,8865,4,1,Não
1234,44,Masculino,1,5,Recursos Humanos,19261,3,3,Não
1238,53,Masculino,8,1,Comercial,3947,3,2,Não
1241,31,Feminino,1,1,Produção e Montagem,2288,3,2,Sim
1242,39,Feminino,8,3,Produção e Montagem,11785,3,1,Não
1243,41,Feminino,1,3,Produção e Montagem,7933,3,3,Não
1244,47,Masculino,24,1,Produção e Montagem,3780,3,3,Não
1246,50,Feminino,3,4,Comercial,13842,3,3,Não
1247,33,Masculino,27,2,Comercial,5376,4,4,Não
1249,32,Masculino,10,1,Comercial,2714,3,3,Não
1252,45,Masculino,19,1,Produção e Montagem,2831,3,3,Sim
1254,46,Masculino,15,2,Comercial,6876,3,4,Não
1257,37,Feminino,8,2,Produção e Montagem,6214,3,3,Não
1258,26,Masculino,9,1,Produção e Montagem,2572,3,1,Não
1260,42,Feminino,3,2,Recursos Humanos,6461,3,2,Não
1262,59,Masculino,9,4,Produção e Montagem,11175,3,4,Não
1263,43,Feminino,2,1,Produção e Montagem,2414,4,4,Não
1264,30,Feminino,7,2,Produção e Montagem,6883,3,1,Não
1266,32,Masculino,10,1,Comercial,2369,3,2,Não
1269,56,Masculino,6,2,Produção e Montagem,2522,3,4,Não
1271,38,Feminino,2,2,Produção e Montagem,5165,3,1,Não
1272,35,Masculino,24,2,Produção e Montagem,5381,3,4,Não
1273,41,Masculino,2,1,Produção e Montagem,3129,3,3,Não
1275,37,Feminino,8,2,Produção e Montagem,5193,3,1,Não
1276,55,Masculino,3,4,Comercial,16928,3,1,Não
1280,36,Masculino,1,1,Produção e Montagem,2758,3,4,Sim
1281,28,Feminino,26,2,Comercial,6252,4,4,Não
1283,48,Masculino,2,2,Comercial,6704,3,3,Não
1284,26,Masculino,10,1,Produção e Montagem,3577,3,3,Não
1285,50,Feminino,27,2,Comercial,6469,3,3,Sim
1286,37,Masculino,2,2,Comercial,6346,4,4,Não
1287,58,Masculino,2,5,Produção e Montagem,19931,3,1,Sim
1289,39,Masculino,8,3,Comercial,7659,3,1,Não
1291,55,Masculino,19,1,Produção e Montagem,4330,3,4,Não
1292,29,Feminino,1,1,Produção e Montagem,4436,3,4,Não
1293,32,Feminino,27,2,Produção e Montagem,4407,3,3,Não
1296,29,Masculino,8,2,Comercial,5398,3,1,Sim
1297,37,Feminino,1,1,Produção e Montagem,3352,3,4,Não
1299,57,Feminino,19,2,Produção e Montagem,5557,3,1,Não
1300,30,Masculino,8,2,Comercial,4414,3,4,Não
1302,40,Feminino,10,1,Produção e Montagem,2854,3,1,Não
1303,41,Feminino,2,2,Produção e Montagem,6052,3,1,Não
1304,37,Feminino,2,1,Produção e Montagem,4453,3,1,Não
1305,38,Feminino,8,1,Comercial,2644,3,4,Não
1306,33,Masculino,1,1,Produção e Montagem,3905,4,3,Não
1307,43,Feminino,2,2,Produção e Montagem,4316,4,2,Não
1308,37,Feminino,8,2,Comercial,6572,3,1,Não
1309,45,Masculino,8,5,Produção e Montagem,18502,3,4,Não
1311,26,Masculino,6,1,Produção e Montagem,1673,4,1,Sim
1312,27,Masculino,9,1,Produção e Montagem,2766,3,2,Não
1313,55,Feminino,11,2,Produção e Montagem,3221,4,3,Não
1315,53,Masculino,2,4,Produção e Montagem,17711,3,3,Não
1316,32,Feminino,1,1,Produção e Montagem,2391,3,1,Sim
1317,36,Masculino,7,3,Produção e Montagem,11763,3,3,Não
1319,36,Feminino,16,2,Comercial,5396,3,1,Sim
1320,50,Feminino,2,4,Produção e Montagem,16824,3,4,Não
1323,39,Feminino,1,2,Produção e Montagem,5300,3,2,Não
1324,32,Masculino,23,1,Produção e Montagem,2772,4,3,Não
1325,61,Masculino,2,5,Produção e Montagem,19318,3,2,Sim
1326,38,Feminino,1,1,Produção e Montagem,2578,3,3,Não
1327,45,Feminino,1,2,Produção e Montagem,6134,3,4,Não
1328,31,Masculino,2,1,Produção e Montagem,4454,3,3,Sim
1329,39,Masculino,13,1,Recursos Humanos,2215,3,2,Não
1330,35,Feminino,4,2,Produção e Montagem,6234,3,3,Não
1332,43,Masculino,16,2,Produção e Montagem,5166,3,3,Não
1333,33,Feminino,2,2,Produção e Montagem,6949,4,4,Não
1334,48,Feminino,2,1,Produção e Montagem,2346,3,3,Não
1336,45,Masculino,29,2,Produção e Montagem,4506,3,2,Não
1337,41,Masculino,12,2,Produção e Montagem,6360,3,1,Não
1338,37,Feminino,16,1,Produção e Montagem,2625,3,4,Não
1340,52,Feminino,11,3,Comercial,7726,3,4,Sim
1342,58,Masculino,2,2,Comercial,5232,3,4,Sim
1343,46,Masculino,14,4,Produção e Montagem,17231,4,1,Não
1344,30,Masculino,5,3,Produção e Montagem,12880,3,4,Não
1345,38,Masculino,7,3,Produção e Montagem,10293,4,3,Não
1346,31,Feminino,2,2,Comercial,4851,4,2,Não
1347,37,Masculino,3,1,Recursos Humanos,3809,3,4,Não
1348,29,Feminino,5,1,Produção e Montagem,2438,3,3,Sim
1350,30,Masculino,3,1,Produção e Montagem,1778,3,4,Não
1351,54,Feminino,26,4,Comercial,16379,3,3,Não
1352,47,Masculino,4,2,Produção e Montagem,6005,3,2,Não
1354,28,Masculino,2,1,Produção e Montagem,3496,3,1,Não
1355,36,Masculino,1,2,Comercial,4109,4,1,Não
1356,38,Feminino,27,1,Produção e Montagem,2631,3,1,Não
1357,39,Masculino,1,2,Comercial,6273,3,4,Não
1359,35,Masculino,13,2,Comercial,4475,3,4,Não
1361,33,Masculino,5,1,Produção e Montagem,3833,3,4,Não
1362,56,Feminino,7,3,Comercial,11006,3,4,Não
1364,48,Masculino,9,3,Comercial,10833,3,1,Não
1365,35,Feminino,8,2,Produção e Montagem,5247,3,3,Não
1367,55,Feminino,25,4,Produção e Montagem,13898,4,4,Não
1368,40,Masculino,16,2,Comercial,6406,3,3,Não
1369,31,Masculino,8,1,Recursos Humanos,5008,3,4,Não
1372,25,Masculino,1,2,Produção e Montagem,4847,4,4,Não
1374,47,Masculino,8,1,Produção e Montagem,2890,4,4,Não
1375,45,Masculino,2,1,Produção e Montagem,2587,3,4,Não
1378,39,Masculino,8,1,Recursos Humanos,2414,4,1,Não
1379,28,Masculino,3,2,Comercial,4266,3,1,Não
1380,38,Feminino,9,3,Produção e Montagem,10757,4,3,Não
1381,38,Feminino,25,1,Produção e Montagem,2094,3,2,Sim
1382,35,Masculino,1,1,Produção e Montagem,2386,3,4,Não
1385,28,Masculino,4,2,Comercial,4328,3,1,Não
1387,52,Feminino,1,1,Produção e Montagem,3652,3,1,Não
1388,27,Masculino,4,1,Produção e Montagem,3234,3,4,Não
1389,35,Masculino,5,2,Comercial,6596,3,2,Não
1393,41,Masculino,9,1,Comercial,2971,3,2,Não
1394,45,Feminino,3,2,Produção e Montagem,5303,3,4,Não
1395,34,Masculino,11,1,Produção e Montagem,2428,3,4,Não
1396,32,Feminino,1,1,Comercial,2872,3,3,Sim
1397,56,Masculino,8,4,Comercial,11908,3,4,Não
1399,38,Masculino,25,3,Produção e Montagem,10975,3,2,Não
1400,40,Feminino,21,1,Comercial,3045,3,4,Não
1401,56,Feminino,23,4,Produção e Montagem,14347,3,4,Não
1402,46,Feminino,1,2,Produção e Montagem,5634,3,4,Não
1403,50,Feminino,2,2,Comercial,4609,4,4,Não
1404,40,Masculino,19,3,Comercial,7714,3,2,Não
1405,53,Masculino,2,4,Produção e Montagem,17996,3,1,Não
1409,42,Feminino,2,2,Recursos Humanos,5276,3,4,Não
1410,36,Masculino,3,1,Recursos Humanos,2349,3,2,Não
1411,35,Masculino,25,1,Produção e Montagem,2867,4,4,Sim
1412,32,Feminino,7,1,Produção e Montagem,2604,3,4,Não
1413,47,Masculino,9,1,Produção e Montagem,2631,3,1,Não
1416,31,Masculino,5,2,Comercial,4980,3,4,Não
1418,61,Masculino,2,1,Produção e Montagem,2452,3,4,Sim
1420,46,Feminino,8,2,Produção e Montagem,4837,4,2,Não
1422,23,Feminino,2,1,Comercial,2116,3,3,Sim
1423,24,Feminino,18,1,Produção e Montagem,2765,3,4,Sim
1424,39,Masculino,14,2,Produção e Montagem,6658,3,4,Não
1425,50,Feminino,2,1,Comercial,3366,3,4,Não
1426,25,Feminino,3,2,Produção e Montagem,4243,3,3,Sim
1427,44,Feminino,2,1,Produção e Montagem,2850,3,4,Sim
1430,31,Feminino,9,1,Produção e Montagem,2449,3,3,Não
1432,42,Masculino,6,1,Produção e Montagem,2476,4,1,Sim
1433,30,Feminino,4,1,Produção e Montagem,2390,3,3,Não
1434,37,Masculino,10,1,Produção e Montagem,2080,3,2,Não
1436,45,Feminino,14,2,Comercial,6316,3,3,Não
1439,36,Masculino,1,1,Produção e Montagem,2871,3,1,Não
1440,61,Feminino,5,3,Produção e Montagem,10624,3,2,Não
1441,34,Masculino,7,1,Comercial,2401,3,3,Não
1442,38,Feminino,21,2,Produção e Montagem,4086,4,4,Não
1444,52,Feminino,8,3,Produção e Montagem,7475,3,2,Não
1445,51,Masculino,20,1,Produção e Montagem,2331,3,3,Não
1447,34,Feminino,20,2,Comercial,7004,3,3,Não
1449,39,Masculino,7,1,Produção e Montagem,4750,3,4,Não
1450,41,Feminino,1,3,Produção e Montagem,13654,3,1,Não
1451,35,Feminino,1,1,Produção e Montagem,2404,4,2,Não
1452,28,Masculino,19,1,Comercial,2485,3,2,Sim
1454,43,Masculino,10,3,Comercial,9777,3,2,Não
1456,29,Masculino,1,2,Comercial,4366,3,1,Não
1457,44,Masculino,6,1,Produção e Montagem,4793,3,1,Não
1458,39,Masculino,2,1,Produção e Montagem,2591,4,3,Não
1459,22,Masculino,21,1,Comercial,2193,3,2,Sim
1460,23,Masculino,4,1,Produção e Montagem,3045,3,1,Sim
1461,34,Feminino,12,2,Produção e Montagem,5927,3,4,Não
1464,43,Masculino,9,1,Produção e Montagem,3689,3,2,Não
1466,35,Feminino,3,2,Produção e Montagem,6797,3,1,Não
1467,39,Masculino,3,3,Comercial,10397,3,4,Sim
1469,36,Feminino,1,2,Produção e Montagem,7021,3,4,Não
1470,40,Masculino,1,3,Comercial,10681,3,3,Sim
1472,48,Masculino,4,2,Produção e Montagem,4519,3,2,Não
1474,32,Feminino,20,1,Comercial,2229,3,4,Não
1475,38,Feminino,18,2,Comercial,4673,3,3,Não
1476,55,Masculino,1,4,Produção e Montagem,17171,3,4,Não
1477,61,Masculino,2,1,Produção e Montagem,2551,4,3,Sim
1481,56,Masculino,2,4,Comercial,14924,3,3,Não
1482,33,Masculino,8,3,Comercial,7336,3,3,Não
1483,41,Feminino,10,2,Comercial,5738,3,4,Não
1484,38,Masculino,3,3,Comercial,7895,3,4,Não
1485,42,Masculino,2,3,Comercial,7952,3,3,Não
1486,43,Feminino,24,4,Comercial,13266,3,2,Sim
1487,50,Masculino,16,2,Produção e Montagem,5139,3,3,Não
1490,39,Masculino,8,2,Comercial,5151,3,4,Não
1491,34,Masculino,9,1,Produção e Montagem,2393,4,1,Sim
1492,36,Masculino,17,4,Comercial,17516,3,3,Não
1494,32,Feminino,10,1,Produção e Montagem,2476,4,1,Sim
1495,36,Feminino,13,1,Produção e Montagem,3524,3,4,Não
1496,48,Feminino,1,1,Produção e Montagem,2342,3,4,Não
1497,53,Masculino,1,4,Produção e Montagem,17471,4,4,Não
1498,36,Feminino,1,2,Produção e Montagem,5560,3,2,Não
1499,44,Masculino,9,5,Produção e Montagem,19491,3,3,Não
1501,30,Feminino,16,1,Produção e Montagem,2883,3,2,Não
1502,48,Masculino,23,2,Produção e Montagem,3705,3,1,Não
1503,50,Feminino,4,2,Comercial,4235,3,4,Não
1504,33,Feminino,22,1,Produção e Montagem,2204,3,3,Sim
1505,53,Masculino,24,4,Produção e Montagem,14045,3,3,Não
1506,41,Masculino,10,1,Produção e Montagem,2756,3,3,Não
1507,49,Masculino,7,3,Produção e Montagem,10917,3,3,Não
1509,27,Feminino,17,2,Produção e Montagem,4449,3,3,Não
1510,38,Masculino,14,1,Produção e Montagem,3815,4,2,Sim
1511,34,Feminino,1,2,Produção e Montagem,4220,3,1,Não
1512,21,Masculino,5,1,Produção e Montagem,1123,3,4,Não
1513,57,Feminino,17,3,Produção e Montagem,10811,3,3,Não
1514,38,Feminino,25,3,Produção e Montagem,10460,3,3,Não
1515,33,Feminino,8,3,Produção e Montagem,11488,3,1,Não
1516,23,Feminino,11,1,Produção e Montagem,2672,3,1,Sim
1517,33,Feminino,5,1,Produção e Montagem,2494,3,2,Sim
1518,29,Masculino,2,2,Produção e Montagem,5544,3,4,Não
1519,25,Masculino,8,1,Produção e Montagem,2523,3,1,Não
1522,51,Masculino,6,2,Produção e Montagem,4312,3,3,Não
1524,51,Masculino,4,3,Produção e Montagem,11071,3,3,Não
1525,44,Feminino,7,2,Produção e Montagem,5075,3,3,Não
1526,42,Feminino,1,4,Produção e Montagem,12814,3,4,Não
1527,30,Feminino,2,2,Produção e Montagem,4299,3,4,Não
1528,38,Masculino,10,1,Produção e Montagem,3989,4,4,Não
1529,45,Masculino,5,5,Comercial,18375,3,3,Não
1530,53,Masculino,9,1,Produção e Montagem,2452,3,4,Não
1532,62,Feminino,2,4,Produção e Montagem,13798,3,4,Não
1533,40,Feminino,11,2,Produção e Montagem,4849,3,2,Sim
1534,58,Masculino,18,2,Produção e Montagem,6457,3,2,Não
1535,44,Feminino,7,5,Produção e Montagem,20045,4,3,Não
1536,41,Masculino,3,2,Comercial,6933,3,4,Não
1537,29,Masculino,29,2,Comercial,5041,3,1,Sim
1538,55,Feminino,2,5,Comercial,19917,3,4,Sim
1539,47,Feminino,28,4,Comercial,13392,3,4,Não
1540,53,Feminino,1,2,Comercial,6419,3,3,Não
1542,39,Feminino,16,1,Produção e Montagem,2815,3,1,Sim
1543,42,Feminino,22,3,Produção e Montagem,10952,3,1,Não
1544,36,Feminino,8,1,Comercial,2414,3,4,Não
1545,48,Feminino,11,4,Comercial,17722,3,4,Não
1546,35,Feminino,29,1,Produção e Montagem,4097,3,3,Não
1547,37,Masculino,1,2,Comercial,9797,3,4,Não
1548,62,Masculino,1,3,Comercial,11976,3,4,Não
1549,48,Masculino,24,1,Recursos Humanos,2249,3,2,Não
1550,56,Feminino,2,3,Comercial,7597,3,2,Não
1552,39,Masculino,15,2,Produção e Montagem,4906,3,3,Sim
1553,29,Masculino,2,1,Produção e Montagem,2114,3,1,Sim
1555,37,Feminino,10,1,Comercial,2292,3,3,Não
1556,31,Masculino,10,1,Comercial,1124,4,2,Não
1560,41,Masculino,3,1,Produção e Montagem,2893,3,3,Não
1561,53,Masculino,2,5,Produção e Montagem,19309,3,3,Não
1562,40,Feminino,3,2,Produção e Montagem,4179,3,2,Não
1566,43,Masculino,26,2,Comercial,8468,3,1,Não
1568,29,Feminino,1,1,Produção e Montagem,2079,3,3,Não
1569,49,Masculino,1,5,Produção e Montagem,19699,3,4,Não
1570,57,Feminino,2,3,Comercial,10758,3,3,Não
1571,59,Feminino,9,1,Produção e Montagem,3014,3,3,Não
1573,39,Feminino,12,3,Produção e Montagem,8930,3,4,Não
1574,58,Masculino,2,4,Produção e Montagem,16828,3,1,Não
1576,46,Masculino,25,3,Comercial,10870,3,4,Não
1577,23,Feminino,9,1,Comercial,2395,3,4,Sim
1579,24,Feminino,10,1,Produção e Montagem,1488,3,1,Sim
1580,49,Feminino,8,2,Produção e Montagem,4687,4,1,Não
1581,54,Masculino,4,1,Produção e Montagem,2533,3,3,Sim
1582,31,Masculino,24,3,Produção e Montagem,8794,3,1,Sim
1583,29,Masculino,1,1,Produção e Montagem,4027,3,1,Não
1584,33,Masculino,20,2,Produção e Montagem,10029,3,1,Não
1585,44,Feminino,7,1,Produção e Montagem,3448,3,3,Não
1588,41,Feminino,17,3,Produção e Montagem,8895,3,3,Não
1592,43,Masculino,20,3,Produção e Montagem,10394,4,4,Não
1594,30,Masculino,8,1,Produção e Montagem,4693,3,3,Não
1596,58,Masculino,2,3,Produção e Montagem,11048,3,2,Não
1597,31,Feminino,10,2,Produção e Montagem,3732,3,3,Não
1598,47,Masculino,1,3,Recursos Humanos,10554,3,1,Sim
1599,36,Masculino,5,3,Produção e Montagem,7191,3,4,Não
1600,38,Masculino,4,3,Comercial,9654,4,1,Sim
1601,36,Feminino,29,2,Produção e Montagem,4580,4,3,Sim
1602,31,Masculino,15,1,Produção e Montagem,2279,3,3,Não
1603,37,Masculino,3,2,Produção e Montagem,7828,3,4,Não
1605,40,Feminino,10,2,Comercial,6766,3,4,Não
1606,28,Masculino,4,1,Produção e Montagem,3763,3,4,Sim
1607,29,Masculino,21,1,Produção e Montagem,2449,4,3,Sim
1608,36,Masculino,25,1,Produção e Montagem,2385,4,2,Sim
1609,45,Masculino,2,4,Produção e Montagem,17737,3,1,Não
1611,31,Masculino,1,1,Produção e Montagem,2668,3,2,Sim
1613,53,Masculino,1,2,Comercial,4800,3,3,Sim
1614,36,Feminino,7,2,Comercial,4374,3,2,Não
1615,37,Masculino,3,1,Produção e Montagem,3051,3,4,Não
1616,51,Masculino,1,4,Produção e Montagem,16957,4,4,Não
1617,48,Feminino,9,2,Comercial,5665,3,3,Não
1618,55,Masculino,7,3,Produção e Montagem,10517,3,2,Não
1619,41,Masculino,10,3,Comercial,8812,3,3,Não
1620,32,Feminino,28,1,Produção e Montagem,2586,4,4,Não
1621,31,Feminino,3,3,Produção e Montagem,7727,3,2,Não
1624,49,Masculino,3,4,Comercial,17537,3,3,Não
1625,41,Masculino,2,3,Comercial,7423,3,2,Não
1626,46,Feminino,27,3,Produção e Montagem,10892,3,1,Não
1627,42,Masculino,2,4,Produção e Montagem,12241,3,4,Sim
1628,43,Masculino,14,5,Produção e Montagem,19698,3,3,Não
1631,24,Feminino,1,1,Produção e Montagem,2142,3,2,Não
1632,42,Masculino,9,2,Produção e Montagem,6854,3,2,Não
1633,39,Masculino,18,2,Produção e Montagem,7851,4,4,Não
1635,34,Masculino,20,1,Comercial,2863,3,4,Não
1636,31,Masculino,2,1,Produção e Montagem,3273,3,2,Não
1637,38,Masculino,11,2,Comercial,5040,3,4,Não
1638,52,Masculino,8,4,Comercial,13192,3,2,Não
1640,37,Masculino,2,2,Produção e Montagem,4105,3,3,Não
1643,32,Feminino,10,1,Produção e Montagem,3363,3,2,Não
1648,45,Masculino,29,2,Produção e Montagem,4344,3,4,Não
1650,32,Masculino,8,2,Produção e Montagem,5128,3,4,Não
1652,41,Masculino,1,1,Recursos Humanos,2916,3,3,Não
1654,31,Masculino,6,1,Produção e Montagem,2775,3,3,Não
1656,21,Masculino,8,1,Produção e Montagem,1976,3,3,Sim
1657,36,Feminino,9,2,Comercial,8296,3,1,Sim
1658,44,Masculino,12,1,Produção e Montagem,4838,3,4,Não
1660,34,Masculino,15,1,Produção e Montagem,2682,3,3,Sim
1661,40,Feminino,25,2,Produção e Montagem,5803,3,4,Não
1662,30,Masculino,6,1,Produção e Montagem,2611,3,3,Não
1663,37,Feminino,9,2,Comercial,5786,4,3,Não
1664,38,Masculino,8,1,Recursos Humanos,4395,3,3,Não
1665,32,Feminino,23,3,Comercial,7408,3,1,Sim
1666,43,Feminino,9,3,Produção e Montagem,13571,3,3,Não
1667,45,Masculino,12,4,Comercial,13830,3,1,Sim
1671,45,Masculino,4,2,Comercial,5227,3,1,Não
1672,38,Masculino,1,1,Produção e Montagem,2330,3,3,Não
1673,27,Masculino,24,1,Produção e Montagem,3669,4,2,Não
1675,31,Feminino,12,1,Produção e Montagem,2587,3,4,Sim
1677,29,Masculino,3,1,Produção e Montagem,4492,4,4,Não
1679,33,Masculino,10,2,Comercial,6650,3,3,Não
1680,43,Feminino,26,2,Produção e Montagem,4494,3,4,Não
1682,38,Masculino,2,3,Produção e Montagem,10346,3,2,Não
1684,37,Masculino,1,2,Produção e Montagem,5415,4,1,Não
1685,38,Masculino,4,1,Produção e Montagem,2448,3,4,Não
1688,46,Feminino,9,2,Comercial,5418,3,3,Sim
1690,35,Feminino,2,1,Comercial,2899,3,1,Não
1691,59,Feminino,4,5,Produção e Montagem,20015,3,1,Não
1692,32,Feminino,6,1,Produção e Montagem,3203,3,4,Não
1693,22,Masculino,9,1,Produção e Montagem,2624,4,1,Não
1695,48,Feminino,7,1,Produção e Montagem,4549,3,3,Não
1696,40,Feminino,1,2,Produção e Montagem,6546,3,4,Não
1698,23,Masculino,3,1,Produção e Montagem,3105,3,3,Não
1700,47,Masculino,10,1,Produção e Montagem,3008,3,3,Sim
1701,56,Feminino,7,5,Produção e Montagem,18678,3,3,Não
1702,32,Feminino,15,1,Produção e Montagem,2240,3,4,Não
1703,25,Masculino,3,1,Produção e Montagem,2925,3,4,Sim
1704,49,Feminino,2,4,Comercial,17120,4,1,Não
1706,47,Masculino,17,1,Produção e Montagem,2362,3,3,Não
1707,36,Masculino,2,1,Recursos Humanos,3672,3,3,Não
1710,44,Masculino,5,1,Produção e Montagem,2179,3,1,Sim
1711,33,Masculino,29,2,Comercial,4187,3,1,Não
1712,43,Masculino,2,2,Comercial,4399,3,2,Não
1715,53,Feminino,2,4,Produção e Montagem,17928,4,1,Não
1716,31,Masculino,19,1,Produção e Montagem,3268,3,1,Não
1717,49,Masculino,15,5,Produção e Montagem,19153,3,2,Não
1718,38,Masculino,17,2,Comercial,9038,3,1,Não
1719,27,Feminino,17,1,Produção e Montagem,2282,3,2,Sim
1720,36,Feminino,25,2,Comercial,4611,3,3,Não
1721,39,Masculino,6,1,Produção e Montagem,2813,3,3,Não
1724,33,Masculino,7,2,Produção e Montagem,3563,3,3,Não
1725,47,Masculino,29,2,Produção e Montagem,4613,4,4,Não
1726,23,Masculino,21,1,Comercial,2750,3,4,Não
1728,49,Masculino,2,2,Produção e Montagem,7451,3,4,Não
1731,45,Masculino,2,2,Recursos Humanos,6344,3,1,Não
1733,63,Masculino,7,2,Comercial,5292,3,4,Não
1734,35,Feminino,13,1,Produção e Montagem,2815,4,2,Não
1735,35,Feminino,2,2,Produção e Montagem,5070,3,3,Não
1737,39,Feminino,1,3,Produção e Montagem,10324,4,1,Não
1738,36,Masculino,9,1,Produção e Montagem,2853,3,4,Não
1739,43,Feminino,10,2,Comercial,6924,3,2,Não
1740,28,Masculino,10,2,Comercial,5022,3,4,Não
1741,33,Masculino,1,1,Produção e Montagem,3651,4,2,Não
1742,45,Feminino,26,3,Produção e Montagem,13263,3,1,Não
1743,38,Feminino,8,3,Comercial,10449,3,4,Não
1744,30,Masculino,14,1,Produção e Montagem,2307,3,1,Não
1745,57,Feminino,1,3,Produção e Montagem,10574,3,3,Não
1746,47,Feminino,2,1,Produção e Montagem,2083,3,4,Não
1748,22,Feminino,10,1,Produção e Montagem,1931,4,2,Sim
1749,32,Feminino,1,1,Produção e Montagem,3832,3,4,Não
1750,57,Masculino,3,4,Produção e Montagem,17851,3,4,Não
1751,34,Masculino,11,2,Produção e Montagem,6905,3,1,Não
1752,34,Feminino,24,2,Produção e Montagem,6884,3,1,Não
1754,62,Feminino,3,2,Comercial,5243,3,4,Não
1755,46,Masculino,3,5,Produção e Montagem,19812,3,4,Não
1756,52,Masculino,4,5,Produção e Montagem,18783,3,3,Não
1757,39,Masculino,3,1,Produção e Montagem,3764,3,2,Não
1758,51,Masculino,2,1,Produção e Montagem,2631,3,2,Não
1759,30,Masculino,4,1,Produção e Montagem,2589,3,3,Não
1760,32,Masculino,7,2,Produção e Montagem,6695,3,4,Não
1763,51,Masculino,1,5,Produção e Montagem,18337,3,4,Não
1764,32,Feminino,1,4,Produção e Montagem,16196,3,4,Não
1765,37,Feminino,20,1,Produção e Montagem,2657,3,3,Não
1767,47,Masculino,5,5,Comercial,18285,3,2,Não
1768,36,Masculino,10,3,Comercial,8452,3,3,Não
1769,22,Feminino,25,1,Produção e Montagem,3066,3,4,Não
1770,26,Masculino,1,1,Produção e Montagem,1295,4,3,Não
1773,28,Masculino,24,1,Comercial,1190,3,4,Sim
1775,29,Masculino,4,1,Produção e Montagem,2947,4,4,Não
1777,48,Feminino,2,5,Comercial,18896,3,2,Sim
1778,58,Masculino,8,4,Produção e Montagem,13649,3,2,Não
1779,24,Feminino,10,1,Produção e Montagem,2697,4,3,Sim
1780,49,Feminino,4,5,Comercial,18861,3,2,Não
1781,37,Feminino,2,2,Comercial,4610,3,1,Não
1782,54,Masculino,9,5,Comercial,19919,4,2,Não
1783,62,Masculino,18,3,Produção e Montagem,10584,3,4,Não
1785,37,Feminino,19,2,Produção e Montagem,4516,3,2,Não
1786,31,Masculino,1,1,Produção e Montagem,2226,3,3,Não
1788,47,Masculino,4,5,Produção e Montagem,19262,3,1,Não
1789,37,Masculino,11,2,Recursos Humanos,4562,3,2,Não
1791,38,Masculino,6,1,Produção e Montagem,3578,3,3,Não
1792,45,Feminino,7,2,Produção e Montagem,2444,3,2,Não
1793,46,Feminino,4,3,Comercial,10303,3,4,Não
1794,39,Feminino,2,2,Produção e Montagem,5482,3,2,Não
1795,47,Feminino,15,3,Produção e Montagem,8050,3,4,Sim
1796,31,Masculino,2,1,Produção e Montagem,3939,3,4,Não
1797,54,Feminino,6,1,Produção e Montagem,2910,3,3,Não
1798,33,Feminino,9,2,Produção e Montagem,4767,3,3,Não
1799,32,Feminino,7,1,Produção e Montagem,3411,3,3,Sim
1801,31,Masculino,1,1,Produção e Montagem,2152,3,1,Não
1803,28,Feminino,1,1,Produção e Montagem,2168,3,2,Não
1804,35,Masculino,8,2,Comercial,6281,3,4,Não
1806,48,Feminino,25,5,Produção e Montagem,18133,4,2,Não
1807,42,Feminino,13,4,Produção e Montagem,17195,3,2,Não
1808,61,Masculino,23,1,Produção e Montagem,2444,3,3,Não
1809,35,Masculino,7,2,Produção e Montagem,4955,3,3,Sim
1810,42,Masculino,23,1,Produção e Montagem,3976,3,1,Sim
1811,33,Feminino,6,2,Produção e Montagem,4699,3,4,Não
1812,39,Feminino,10,3,Produção e Montagem,7166,3,3,Não
1814,49,Feminino,1,1,Recursos Humanos,3495,3,1,Não
1815,31,Feminino,1,2,Produção e Montagem,6746,3,4,Não
1817,53,Feminino,28,4,Produção e Montagem,16952,3,1,Não
1818,43,Masculino,25,3,Comercial,9166,3,2,Sim
1819,55,Masculino,5,3,Comercial,8518,3,2,Sim
1821,33,Feminino,17,3,Produção e Montagem,11988,4,1,Não
1822,42,Masculino,18,2,Produção e Montagem,4606,3,3,Não
1824,34,Feminino,2,3,Comercial,9924,3,3,Não
1829,44,Masculino,10,2,Comercial,6223,3,2,Não
1831,34,Feminino,1,1,Comercial,2374,3,2,Sim
1833,47,Masculino,3,1,Produção e Montagem,2434,3,1,Sim
1834,45,Masculino,2,4,Produção e Montagem,17933,3,3,Não
1836,58,Feminino,2,5,Produção e Montagem,19259,3,3,Não
1838,59,Masculino,8,5,Recursos Humanos,19789,3,2,Não
1840,43,Masculino,16,1,Produção e Montagem,3616,3,3,Não
1844,37,Masculino,9,3,Produção e Montagem,8572,3,4,Não
1846,43,Masculino,2,2,Produção e Montagem,4733,3,4,Não
1849,44,Feminino,1,2,Comercial,4175,3,1,Não
1850,38,Masculino,4,2,Produção e Montagem,4321,3,3,Não
1852,54,Masculino,5,4,Recursos Humanos,14098,3,2,Não
1855,41,Feminino,2,2,Comercial,6965,3,1,Não
1856,37,Feminino,15,2,Comercial,6197,3,1,Não
1858,28,Masculino,19,1,Produção e Montagem,3741,3,4,Não
1860,61,Feminino,7,3,Produção e Montagem,10080,3,1,Sim
1861,43,Masculino,1,1,Produção e Montagem,2459,4,2,Não
1862,39,Feminino,7,2,Comercial,4711,3,1,Não
1863,51,Masculino,4,3,Produção e Montagem,7970,3,4,Não
1864,30,Feminino,11,1,Comercial,2606,3,4,Não
1867,54,Feminino,11,4,Produção e Montagem,13214,3,2,Não
1868,21,Feminino,1,1,Produção e Montagem,1683,3,4,Não
1869,38,Feminino,1,2,Produção e Montagem,5435,3,4,Não
1871,30,Masculino,2,2,Comercial,5143,4,4,Não
1872,58,Masculino,13,4,Comercial,13767,3,3,Sim
1873,59,Masculino,23,4,Produção e Montagem,13474,3,2,Não
1874,37,Feminino,26,1,Produção e Montagem,2101,4,3,Não
1875,43,Feminino,2,2,Produção e Montagem,6449,4,3,Não
1877,37,Masculino,29,2,Produção e Montagem,5501,3,3,Não
1879,34,Feminino,2,1,Comercial,2857,3,4,Sim
1880,38,Feminino,18,2,Comercial,4686,3,3,Sim
1882,41,Masculino,7,1,Produção e Montagem,2682,3,3,Não
1883,37,Feminino,2,2,Produção e Montagem,6759,3,4,Não
1887,31,Masculino,26,2,Comercial,4796,3,1,Não
1889,34,Masculino,22,2,Produção e Montagem,6251,3,3,Sim
1890,42,Masculino,21,2,Comercial,6192,3,4,Não
1891,54,Masculino,2,3,Comercial,10668,3,2,Não
1892,44,Feminino,22,2,Produção e Montagem,5539,3,4,Não
1894,40,Masculino,4,1,Produção e Montagem,3068,3,3,Não
1895,36,Masculino,5,2,Comercial,10070,3,4,Não
1896,35,Masculino,2,2,Comercial,4150,3,2,Não
1897,42,Masculino,25,3,Produção e Montagem,10992,4,3,Não
1899,28,Masculino,18,2,Comercial,6304,3,3,Não
1901,55,Feminino,28,4,Produção e Montagem,13319,3,3,Não
1902,46,Feminino,6,2,Produção e Montagem,4153,3,3,Não
1903,30,Feminino,10,2,Comercial,5841,3,4,Não
1905,30,Feminino,17,1,Produção e Montagem,2466,3,3,Sim
1907,29,Masculino,2,1,Produção e Montagem,3976,3,4,Não
1908,45,Feminino,10,4,Recursos Humanos,16871,3,1,Não
1909,55,Feminino,8,1,Produção e Montagem,3022,3,1,Não
1911,40,Feminino,11,1,Produção e Montagem,3701,3,3,Não
1912,38,Masculino,18,3,Produção e Montagem,9434,3,4,Não
1915,28,Masculino,1,1,Produção e Montagem,3301,3,4,Não
1917,29,Masculino,7,1,Produção e Montagem,3650,3,1,Não
1919,32,Masculino,17,3,Recursos Humanos,8060,3,1,Não
1920,52,Masculino,28,2,Produção e Montagem,4356,4,1,Sim
1921,32,Feminino,14,3,Produção e Montagem,7625,3,4,Sim
1922,57,Feminino,1,4,Produção e Montagem,17400,3,4,Não
1923,61,Feminino,1,5,Produção e Montagem,19773,4,1,Não
1924,58,Masculino,1,4,Produção e Montagem,14804,3,4,Não
1925,39,Feminino,3,2,Comercial,9350,3,2,Não
1927,34,Feminino,1,1,Comercial,1431,3,3,Sim
1928,33,Feminino,7,2,Comercial,4851,3,1,Não
1930,34,Feminino,8,4,Produção e Montagem,16494,3,2,Não
1931,37,Masculino,1,1,Produção e Montagem,3068,3,1,Não
1933,34,Feminino,8,1,Produção e Montagem,1333,3,2,Sim
1934,30,Masculino,11,1,Produção e Montagem,2171,3,1,Não
1935,39,Masculino,4,2,Produção e Montagem,5882,3,4,Não
1936,39,Feminino,16,2,Comercial,5719,3,1,Não
1938,50,Masculino,1,1,Produção e Montagem,3492,3,4,Não
1939,28,Masculino,9,1,Comercial,4472,3,1,Sim
1940,40,Masculino,5,1,Produção e Montagem,3572,3,3,Não
1941,59,Feminino,1,1,Produção e Montagem,2138,4,1,Não
1943,50,Feminino,2,4,Produção e Montagem,17241,3,3,Não
1945,27,Feminino,4,2,Comercial,4234,3,3,Não
1946,35,Masculino,7,2,Comercial,9276,3,4,Não
1947,37,Feminino,1,1,Produção e Montagem,3366,3,2,Não
1948,44,Masculino,5,1,Produção e Montagem,2199,3,3,Não
1949,43,Masculino,9,2,Produção e Montagem,4047,3,3,Não
1953,34,Masculino,8,3,Comercial,10865,3,4,Não
1957,49,Masculino,9,3,Comercial,10168,3,4,Sim
1958,42,Feminino,2,1,Produção e Montagem,3718,4,1,Sim
1959,34,Feminino,1,3,Produção e Montagem,7518,3,2,Sim
1960,48,Masculino,20,3,Produção e Montagem,10923,3,1,Não
1961,34,Feminino,8,1,Recursos Humanos,2181,3,2,Não
1964,34,Masculino,2,1,Produção e Montagem,3794,3,4,Sim
1965,48,Masculino,29,3,Produção e Montagem,9452,3,4,Não
1966,51,Masculino,7,2,Comercial,5558,3,1,Não
1967,37,Feminino,9,1,Recursos Humanos,2814,3,3,Sim
1968,43,Masculino,8,3,Produção e Montagem,13829,3,2,Não
1969,31,Masculino,5,2,Comercial,8535,3,1,Não
1971,47,Masculino,5,1,Produção e Montagem,3234,3,3,Não
1972,56,Masculino,2,4,Produção e Montagem,16670,3,2,Não
1973,52,Masculino,5,2,Produção e Montagem,6723,3,3,Não
1974,43,Masculino,2,1,Produção e Montagem,2417,3,3,Não
1975,47,Masculino,20,1,Produção e Montagem,3492,3,2,Não
1977,36,Masculino,7,2,Comercial,4445,3,1,Não
1978,37,Masculino,3,2,Comercial,4831,3,1,Não
1979,33,Masculino,16,2,Comercial,5373,3,3,Não
1980,45,Feminino,9,1,Produção e Montagem,3745,3,4,Não
1981,47,Feminino,1,2,Comercial,4840,3,3,Não
1982,33,Masculino,7,1,Produção e Montagem,1346,3,3,Não
1983,60,Masculino,1,2,Produção e Montagem,4972,4,3,Não
1984,52,Masculino,7,3,Produção e Montagem,10538,3,2,Não
1985,37,Masculino,15,4,Produção e Montagem,17079,3,1,Não
1986,31,Masculino,1,1,Comercial,2981,3,3,Sim
1987,32,Feminino,13,2,Comercial,5837,3,2,Sim
1989,37,Feminino,24,2,Comercial,4671,4,2,Sim
1992,38,Masculino,7,1,Comercial,2476,3,3,Não
1994,27,Masculino,9,1,Produção e Montagem,3244,3,1,Sim
1995,27,Feminino,13,1,Comercial,2105,3,2,Não
1996,47,Masculino,2,3,Produção e Montagem,10281,3,3,Não
1997,32,Masculino,19,2,Comercial,8692,3,3,Não
1999,33,Masculino,1,1,Recursos Humanos,2136,4,3,Não
2001,58,Masculino,4,2,Produção e Montagem,4107,3,3,Não
2002,36,Feminino,4,1,Produção e Montagem,3910,3,2,Não
2003,50,Feminino,14,2,Comercial,4663,3,3,Não
2004,31,Masculino,2,1,Produção e Montagem,2633,3,1,Sim
2006,31,Masculino,1,1,Produção e Montagem,1635,3,3,Não
2007,31,Masculino,7,2,Comercial,4970,3,1,Não
2009,52,Feminino,3,2,Produção e Montagem,4861,4,1,Não
2013,32,Feminino,2,1,Produção e Montagem,3252,3,2,Não
2014,31,Masculino,29,2,Produção e Montagem,6621,3,2,Não
2015,36,Masculino,8,2,Produção e Montagem,6460,3,3,Não
2016,35,Masculino,10,3,Produção e Montagem,11316,4,4,Não
2020,57,Feminino,11,4,Produção e Montagem,16104,4,4,Não
2022,32,Masculino,1,1,Produção e Montagem,2434,3,1,Sim
2023,47,Masculino,28,4,Produção e Montagem,16400,3,1,Não
2025,42,Feminino,6,3,Produção e Montagem,8448,3,2,Não
2027,49,Feminino,3,4,Comercial,16678,3,2,Não
2029,38,Feminino,16,3,Produção e Montagem,8678,3,2,Não
2033,26,Masculino,20,2,Produção e Montagem,2344,3,3,Não
2034,43,Masculino,9,1,Produção e Montagem,2090,3,1,Sim
2035,37,Masculino,1,3,Comercial,7155,3,3,Não
2037,34,Feminino,3,1,Produção e Montagem,4156,3,3,Sim
2039,53,Masculino,22,4,Produção e Montagem,14483,3,4,Não
2041,37,Masculino,7,1,Comercial,2380,4,3,Não
2042,45,Masculino,2,1,Produção e Montagem,4913,3,2,Não
2043,40,Masculino,13,2,Produção e Montagem,4357,3,4,Não
2044,32,Feminino,8,2,Produção e Montagem,9787,3,1,Não
2045,36,Masculino,25,2,Produção e Montagem,4392,3,2,Não
2046,48,Masculino,28,1,Produção e Montagem,2204,4,4,Não
2047,45,Masculino,2,3,Produção e Montagem,10196,3,4,Não
2048,43,Masculino,9,2,Comercial,5545,3,1,Não
2049,36,Masculino,28,2,Produção e Montagem,5279,3,3,Não
2050,43,Masculino,6,4,Recursos Humanos,16509,4,4,Não
2051,27,Masculino,21,1,Produção e Montagem,2368,3,1,Não
2052,43,Masculino,8,2,Produção e Montagem,4141,3,4,Não
2053,48,Masculino,1,3,Produção e Montagem,7513,3,2,Não
2054,38,Feminino,28,1,Comercial,2502,4,3,Não
2055,35,Feminino,5,2,Produção e Montagem,5950,3,2,Não
2056,39,Masculino,2,1,Comercial,2716,4,4,Não
2057,51,Feminino,16,2,Comercial,6511,3,3,Não
2058,32,Masculino,9,1,Produção e Montagem,2523,3,3,Não
2060,36,Masculino,8,2,Comercial,6464,3,1,Não
2062,33,Masculino,1,2,Comercial,9786,3,1,Sim
2063,41,Masculino,10,2,Recursos Humanos,6149,3,3,Não
2064,38,Masculino,1,1,Produção e Montagem,2522,3,1,Não
2068,33,Masculino,29,3,Comercial,9322,3,2,Não
2069,38,Feminino,2,1,Produção e Montagem,2146,3,1,Sim
2072,56,Feminino,2,3,Produção e Montagem,10241,3,4,Sim
2073,41,Masculino,2,2,Produção e Montagem,4927,3,2,Sim
2074,35,Masculino,1,2,Produção e Montagem,4159,3,1,Não
2076,51,Feminino,15,1,Produção e Montagem,2439,3,1,Não
2077,37,Masculino,7,1,Produção e Montagem,3044,3,4,Não
2078,58,Masculino,26,5,Comercial,19658,4,4,Não
2080,37,Masculino,1,2,Produção e Montagem,5556,3,4,Não
2081,29,Feminino,3,1,Produção e Montagem,2133,4,4,Não
2082,41,Masculino,14,2,Comercial,9996,3,2,Não
2083,41,Feminino,16,2,Comercial,4270,3,2,Não
2085,39,Feminino,1,2,Comercial,6887,3,3,Não
2086,32,Masculino,3,1,Produção e Montagem,4795,3,1,Não
2087,38,Feminino,10,2,Produção e Montagem,6214,3,3,Não
2088,42,Masculino,6,3,Comercial,8309,3,3,Não
2090,32,Masculino,2,2,Produção e Montagem,8925,3,4,Não
2091,53,Masculino,9,5,Comercial,19403,3,3,Não
2092,26,Masculino,10,1,Produção e Montagem,2145,3,3,Não
2094,39,Masculino,6,2,Produção e Montagem,5634,3,1,Não
2095,45,Masculino,9,5,Produção e Montagem,19685,4,4,Não
2096,38,Masculino,28,2,Produção e Montagem,3479,3,3,Não
2097,37,Masculino,10,2,Produção e Montagem,5135,3,3,Não
2098,43,Feminino,14,2,Comercial,4711,3,1,Não
2099,46,Masculino,27,1,Produção e Montagem,4948,3,2,Não
2101,38,Masculino,7,1,Produção e Montagem,2762,3,4,Não
2102,49,Masculino,1,4,Comercial,17639,3,1,Não
2104,31,Masculino,24,1,Produção e Montagem,2480,3,2,Sim
2105,25,Feminino,26,1,Produção e Montagem,2886,3,3,Não
2106,53,Masculino,20,4,Produção e Montagem,11317,3,3,Não
2107,35,Feminino,5,1,Produção e Montagem,3384,3,4,Não
2108,47,Feminino,7,5,Produção e Montagem,19121,3,4,Não
2109,33,Masculino,7,1,Produção e Montagem,2213,3,2,Não
2111,48,Feminino,5,2,Produção e Montagem,5841,3,1,Não
2112,48,Masculino,26,2,Comercial,4457,3,1,Não
2113,34,Masculino,2,2,Comercial,5404,3,1,Não
2114,39,Feminino,12,2,Produção e Montagem,4735,3,3,Não
2115,37,Masculino,10,2,Produção e Montagem,4796,3,4,Não
2117,52,Feminino,25,1,Produção e Montagem,3283,3,1,Não
2118,42,Masculino,10,2,Produção e Montagem,5449,3,1,Não
2119,30,Masculino,19,1,Produção e Montagem,4138,3,1,Não
2121,38,Masculino,18,2,Produção e Montagem,5280,3,1,Não
2122,31,Feminino,27,2,Produção e Montagem,4949,4,1,Não
2123,24,Masculino,5,1,Produção e Montagem,3189,3,4,Não
2124,21,Feminino,3,1,Comercial,1641,3,4,Sim
2125,50,Feminino,26,5,Recursos Humanos,19730,3,3,Não
2127,42,Masculino,3,2,Produção e Montagem,3141,3,3,Não
2128,43,Feminino,15,3,Produção e Montagem,10507,3,3,Não
2130,38,Feminino,8,2,Produção e Montagem,4220,3,3,Não
2131,40,Masculino,19,2,Produção e Montagem,5840,3,3,Não
2133,42,Feminino,4,2,Produção e Montagem,5114,3,3,Não
2135,48,Feminino,2,2,Produção e Montagem,5842,3,4,Não
2138,41,Feminino,2,3,Produção e Montagem,7828,3,3,Não
2139,38,Masculino,10,3,Comercial,10378,3,1,Sim
2140,40,Feminino,10,1,Produção e Montagem,4008,3,2,Não
2141,43,Feminino,16,3,Produção e Montagem,8017,3,4,Não
2142,47,Masculino,1,2,Recursos Humanos,5815,3,4,Não
2144,51,Masculino,4,4,Produção e Montagem,15274,4,4,Não
2145,38,Masculino,15,2,Comercial,5512,3,4,Sim
2146,27,Feminino,2,1,Produção e Montagem,3832,3,4,Não
2147,30,Feminino,8,1,Produção e Montagem,3589,3,3,Não
2148,30,Masculino,2,1,Produção e Montagem,2652,3,4,Não
2149,43,Masculino,7,1,Produção e Montagem,2238,3,1,Sim
2150,32,Masculino,10,2,Comercial,5941,3,3,Não
2151,39,Feminino,5,3,Produção e Montagem,8080,3,1,Não
2153,28,Masculino,2,2,Produção e Montagem,5278,3,3,Não
2154,42,Masculino,12,2,Produção e Montagem,5367,4,2,Não
2155,52,Feminino,22,4,Produção e Montagem,16485,3,2,Não
2156,53,Feminino,17,3,Produção e Montagem,13341,3,1,Não
2157,23,Feminino,2,1,Comercial,2855,3,3,Não
2158,37,Feminino,3,2,Produção e Montagem,5505,3,2,Não
2159,39,Masculino,7,1,Produção e Montagem,2085,3,2,Não
2161,52,Feminino,6,4,Produção e Montagem,14038,3,3,Não
2162,39,Feminino,1,2,Produção e Montagem,4446,3,3,Não
2164,39,Masculino,3,2,Produção e Montagem,6914,4,1,Não
2165,57,Feminino,22,4,Produção e Montagem,17498,4,3,Não
2166,46,Masculino,15,4,Produção e Montagem,17675,4,3,Não
2167,38,Masculino,12,2,Comercial,4653,4,4,Sim
2168,41,Masculino,1,2,Produção e Montagem,4807,3,4,Não
2169,32,Masculino,5,2,Comercial,4259,3,2,Não
2170,36,Masculino,2,2,Comercial,5577,3,4,Não
2171,35,Masculino,2,2,Produção e Montagem,5542,3,2,Não
2173,34,Feminino,5,2,Comercial,5548,3,4,Não
2174,52,Feminino,16,1,Produção e Montagem,2659,3,1,Não
2175,41,Feminino,2,1,Produção e Montagem,2512,4,2,Não
2176,50,Feminino,2,4,Comercial,16044,3,2,Não
2177,52,Masculino,1,4,Produção e Montagem,15451,3,3,Não
2178,44,Masculino,23,3,Comercial,7154,3,3,Não
2180,23,Masculino,9,1,Comercial,2800,3,1,Não
2181,36,Feminino,16,2,Comercial,5440,4,4,Não
2182,39,Masculino,26,2,Produção e Montagem,5419,3,3,Não
2183,47,Feminino,1,1,Recursos Humanos,3267,3,4,Não
2184,26,Masculino,8,1,Produção e Montagem,4061,3,3,Sim
2187,41,Feminino,4,1,Produção e Montagem,3378,3,3,Não
2189,56,Masculino,24,3,Produção e Montagem,7077,3,4,Não
2191,51,Feminino,7,1,Comercial,2727,3,3,Sim
2192,35,Masculino,2,1,Produção e Montagem,1465,3,2,Sim
2193,29,Masculino,7,1,Produção e Montagem,2642,4,4,Não
2194,58,Masculino,22,1,Produção e Montagem,3609,3,2,Não
2196,37,Masculino,5,2,Produção e Montagem,4058,3,4,Não
2197,63,Masculino,1,3,Produção e Montagem,10955,4,4,Não
2198,36,Masculino,21,1,Produção e Montagem,2100,3,2,Não
2200,40,Masculino,1,2,Comercial,9597,3,4,Não
2201,37,Feminino,19,1,Produção e Montagem,3001,3,4,Não
2202,26,Masculino,7,1,Comercial,2347,4,4,Sim
2203,47,Feminino,2,3,Produção e Montagem,7951,3,4,Não
2204,38,Masculino,2,1,Produção e Montagem,5002,3,4,Não
2206,46,Masculino,2,2,Comercial,7919,3,4,Não
2207,27,Masculino,9,1,Produção e Montagem,4473,3,3,Não
2208,44,Masculino,6,3,Comercial,9313,3,3,Não
2209,32,Feminino,9,1,Produção e Montagem,3046,3,3,Não
2210,39,Feminino,2,2,Comercial,4574,3,4,Não
2212,48,Masculino,1,3,Produção e Montagem,10820,4,3,Não
2214,27,Masculino,22,1,Recursos Humanos,1627,3,3,Sim
2216,50,Masculino,9,4,Comercial,13008,3,3,Sim
2218,29,Masculino,17,1,Produção e Montagem,2377,3,3,Não
2219,48,Feminino,28,4,Produção e Montagem,16776,3,2,Não
2220,35,Masculino,10,1,Produção e Montagem,3505,3,3,Não
2221,34,Masculino,2,1,Produção e Montagem,3549,3,3,Não
2222,44,Masculino,4,2,Recursos Humanos,6502,3,2,Não
2224,43,Feminino,8,2,Produção e Montagem,6588,3,1,Não
2225,27,Masculino,29,1,Produção e Montagem,3979,3,1,Não
2227,49,Masculino,13,2,Produção e Montagem,5634,3,2,Não
2228,38,Masculino,27,2,Produção e Montagem,6955,3,3,Não
2229,33,Masculino,16,1,Produção e Montagem,2934,3,4,Não
2231,50,Masculino,2,2,Comercial,5050,3,2,Não
2232,49,Masculino,2,3,Comercial,10440,3,4,Não
2233,39,Masculino,13,2,Comercial,6206,3,1,Sim
2234,35,Masculino,1,2,Comercial,6807,3,2,Sim
2235,26,Feminino,4,1,Produção e Montagem,3367,3,2,Não
2236,34,Feminino,24,2,Produção e Montagem,5310,4,4,Não
2237,42,Masculino,1,2,Produção e Montagem,6544,3,4,Não
2239,35,Masculino,19,3,Comercial,9682,3,3,Não
2240,43,Masculino,7,5,Comercial,19905,3,2,Não
2244,48,Feminino,4,3,Recursos Humanos,9828,4,3,Não
2245,33,Feminino,2,1,Produção e Montagem,5040,3,1,Não
2246,27,Masculino,10,1,Recursos Humanos,2217,3,4,Não
2247,33,Feminino,8,1,Recursos Humanos,2252,3,4,Sim
2249,34,Masculino,5,2,Comercial,8418,3,3,Não
2251,30,Feminino,8,1,Produção e Montagem,3517,3,4,Não
2252,32,Feminino,9,1,Comercial,2832,3,2,Sim
2253,32,Masculino,1,2,Produção e Montagem,6366,3,3,Não
2254,33,Masculino,15,3,Comercial,7212,3,1,Não
2255,37,Masculino,2,1,Produção e Montagem,3004,3,4,Não
2256,36,Feminino,2,2,Comercial,5219,3,2,Não
2257,52,Feminino,11,2,Comercial,4579,3,4,Não
2258,36,Feminino,16,3,Comercial,8636,4,1,Sim
2260,41,Feminino,2,1,Produção e Montagem,2540,3,2,Não
2261,34,Masculino,16,3,Comercial,8233,3,3,Sim
2262,32,Feminino,4,1,Produção e Montagem,2181,3,1,Não
2263,33,Masculino,16,2,Produção e Montagem,5366,3,3,Não
2264,35,Masculino,5,1,Produção e Montagem,2790,3,2,Não
2266,41,Masculino,18,2,Produção e Montagem,5883,3,4,Não
2267,46,Masculino,17,1,Produção e Montagem,2509,3,3,Sim
2268,45,Masculino,12,1,Produção e Montagem,2838,4,2,Não
2270,58,Masculino,2,5,Produção e Montagem,19110,3,1,Não
2271,36,Masculino,4,2,Produção e Montagem,3127,3,2,Não
2272,44,Masculino,9,1,Produção e Montagem,2361,4,1,Não
2274,37,Masculino,10,2,Comercial,4073,3,3,Não
2275,56,Feminino,1,4,Produção e Montagem,13037,4,3,Não
2278,46,Masculino,2,1,Recursos Humanos,3611,3,4,Não
2279,37,Feminino,3,2,Comercial,6101,3,4,Não
2280,24,Masculino,7,1,Comercial,2751,3,2,Sim
2282,41,Feminino,6,1,Produção e Montagem,3774,3,3,Não
2283,25,Feminino,8,1,Produção e Montagem,2470,3,1,Sim
2284,34,Feminino,29,2,Comercial,5540,3,4,Não
2286,54,Feminino,3,3,Produção e Montagem,13188,3,3,Não
2287,40,Masculino,9,2,Comercial,4261,3,2,Não
2289,49,Masculino,2,5,Produção e Montagem,19400,3,4,Não
2290,39,Masculino,10,3,Produção e Montagem,8393,3,1,Não
2292,47,Masculino,1,1,Produção e Montagem,2414,3,2,Sim
2294,40,Masculino,8,2,Recursos Humanos,4143,3,2,Não
2297,38,Masculino,27,2,Comercial,5885,3,4,Sim
2298,36,Masculino,8,1,Produção e Montagem,3215,3,1,Não
2299,31,Masculino,1,1,Produção e Montagem,2116,3,4,Não
2300,42,Masculino,10,3,Produção e Montagem,13536,4,3,Não
2301,49,Masculino,26,2,Comercial,8063,3,2,Não
2302,43,Feminino,2,1,Produção e Montagem,3449,3,1,Não
2303,45,Masculino,13,2,Produção e Montagem,5610,3,1,Não
2304,38,Masculino,2,2,Produção e Montagem,5834,3,4,Não
2305,41,Masculino,2,1,Recursos Humanos,2664,3,2,Não
2307,37,Masculino,9,2,Produção e Montagem,5418,3,1,Sim
2309,40,Masculino,10,2,Produção e Montagem,4285,3,1,Sim
2312,42,Masculino,20,2,Comercial,4199,3,4,Não
2313,46,Masculino,9,1,Produção e Montagem,2510,3,3,Não
2314,44,Masculino,5,2,Produção e Montagem,6942,3,2,Não
2315,44,Feminino,4,3,Comercial,10519,3,3,Não
2316,33,Feminino,10,3,Produção e Montagem,9739,3,3,Não
2318,29,Feminino,20,1,Recursos Humanos,2220,3,2,Sim
2321,49,Feminino,21,2,Produção e Montagem,8998,4,2,Sim
2322,43,Feminino,1,2,Produção e Montagem,6585,3,4,Não
2323,37,Masculino,8,2,Comercial,6871,4,3,Não
2324,61,Masculino,2,4,Comercial,16363,4,2,Não
2326,38,Masculino,23,1,Produção e Montagem,2777,3,3,Não
2327,50,Feminino,4,3,Produção e Montagem,10405,3,2,Não
2329,43,Feminino,12,2,Produção e Montagem,4520,3,1,Não
2330,57,Feminino,7,2,Produção e Montagem,6926,3,4,Não
2333,34,Feminino,7,3,Comercial,9709,3,1,Não
2334,31,Feminino,1,1,Produção e Montagem,3663,4,1,Não
2335,41,Feminino,2,2,Comercial,5477,4,4,Não
2336,29,Masculino,10,2,Comercial,4756,3,4,Não
2337,61,Masculino,15,4,Produção e Montagem,15859,3,3,Não
2339,21,Feminino,14,1,Produção e Montagem,1586,3,3,Não
2342,34,Masculino,18,1,Recursos Humanos,3028,3,1,Sim
2344,32,Masculino,13,1,Recursos Humanos,2407,3,1,Sim
2345,48,Feminino,2,2,Comercial,5226,4,3,Não
2347,39,Feminino,2,2,Produção e Montagem,7034,4,2,Não
2349,46,Masculino,2,2,Comercial,5747,4,4,Não
2350,30,Feminino,5,1,Produção e Montagem,2451,3,4,Não
2352,32,Masculino,20,1,Produção e Montagem,3884,3,4,Não
2353,35,Masculino,10,2,Comercial,4720,3,4,Não
2354,45,Masculino,10,1,Produção e Montagem,3008,4,3,Não
2356,50,Feminino,9,1,Produção e Montagem,2177,3,3,Não
2357,49,Masculino,2,3,Produção e Montagem,8650,3,4,Não
2358,31,Masculino,1,1,Recursos Humanos,2778,3,4,Não
2359,32,Masculino,29,2,Produção e Montagem,6456,3,3,Não
2360,45,Masculino,8,1,Produção e Montagem,4040,3,3,Não
2362,35,Masculino,2,2,Comercial,9979,3,2,Sim
2363,49,Feminino,3,4,Comercial,13297,3,1,Não
2364,30,Feminino,23,2,Comercial,3612,4,3,Não
2365,32,Masculino,6,1,Recursos Humanos,2876,3,2,Não
2366,46,Feminino,6,5,Produção e Montagem,19464,3,3,Não
2367,51,Masculino,10,5,Produção e Montagem,19737,3,2,Não
2368,32,Masculino,24,1,Produção e Montagem,2511,4,4,Sim
2369,49,Feminino,10,3,Comercial,7386,4,2,Sim
2370,30,Feminino,15,1,Produção e Montagem,4846,3,1,Não
2371,42,Masculino,19,2,Produção e Montagem,3974,3,4,Não
2373,58,Masculino,2,1,Produção e Montagem,2734,4,4,Não
2375,31,Feminino,3,1,Comercial,2928,3,2,Não
2376,33,Masculino,9,1,Comercial,1153,3,4,Sim
2378,25,Masculino,7,1,Produção e Montagem,2544,4,2,Sim
2380,39,Feminino,10,2,Comercial,5745,3,3,Não
2381,34,Masculino,20,2,Produção e Montagem,4269,3,3,Não
2382,37,Masculino,4,3,Comercial,9785,3,4,Não
2383,32,Masculino,7,1,Produção e Montagem,2134,3,1,Não
2385,40,Masculino,7,2,Produção e Montagem,4356,4,1,Não
2386,38,Feminino,16,2,Produção e Montagem,4860,3,2,Não
2388,48,Feminino,25,2,Produção e Montagem,5978,3,4,Não
2390,39,Masculino,2,2,Recursos Humanos,3958,4,4,Não
2392,43,Masculino,1,4,Produção e Montagem,16895,3,1,Não
2393,29,Feminino,1,1,Produção e Montagem,3005,3,3,Não
2398,30,Feminino,2,2,Comercial,6572,3,3,Não
2400,51,Feminino,22,4,Produção e Montagem,17246,3,4,Não
2403,47,Masculino,1,2,Produção e Montagem,5105,3,1,Não
2405,37,Masculino,16,1,Produção e Montagem,2379,4,1,Sim
2407,59,Masculino,24,1,Produção e Montagem,2659,3,4,Sim
2408,39,Masculino,17,2,Comercial,5579,3,2,Não
2409,44,Feminino,8,2,Comercial,4465,4,2,Não
2411,45,Masculino,6,3,Produção e Montagem,13420,3,1,Não
2412,34,Feminino,10,2,Comercial,6655,3,4,Não
2415,37,Feminino,3,2,Comercial,8175,3,4,Não
2416,34,Feminino,4,1,Produção e Montagem,4050,3,3,Não
2418,29,Masculino,6,1,Produção e Montagem,2616,3,4,Não
2422,48,Masculino,1,2,Produção e Montagem,5471,3,3,Não
2424,36,Masculino,10,2,Comercial,5559,3,3,Não
2427,31,Masculino,1,2,Comercial,6906,3,4,Não
2428,32,Masculino,24,1,Comercial,1163,3,1,Sim
2429,42,Feminino,21,2,Comercial,5808,3,3,Não
2431,30,Masculino,2,1,Produção e Montagem,2298,3,2,Não
2432,37,Masculino,22,2,Produção e Montagem,5819,3,4,Não
2433,31,Feminino,13,2,Comercial,9926,3,3,Sim
2434,50,Masculino,14,2,Produção e Montagem,5539,3,2,Não
2435,59,Feminino,11,2,Comercial,5452,3,1,Não
2436,42,Masculino,9,2,Produção e Montagem,5223,4,1,Não
2437,41,Feminino,8,2,Produção e Montagem,2205,3,2,Não
2438,61,Feminino,21,4,Comercial,17947,3,4,Não
2439,35,Feminino,5,1,Produção e Montagem,2504,3,3,Sim
2440,41,Masculino,9,1,Produção e Montagem,4843,3,4,Não
2441,52,Masculino,2,5,Produção e Montagem,19233,3,4,Não
2443,45,Masculino,12,2,Comercial,5159,3,4,Não
2444,30,Feminino,22,1,Recursos Humanos,2935,3,2,Sim
2445,38,Masculino,18,2,Comercial,5633,3,1,Não
2447,31,Masculino,16,1,Produção e Montagem,2216,3,3,Não
2448,34,Masculino,3,1,Produção e Montagem,3137,3,1,Não
2449,39,Masculino,9,1,Produção e Montagem,2882,4,2,Não
2450,37,Masculino,1,3,Comercial,9960,4,4,Não
2451,37,Masculino,13,3,Comercial,8700,3,3,Não
2452,29,Masculino,1,1,Produção e Montagem,2939,3,1,Não
2454,32,Masculino,1,2,Produção e Montagem,5445,3,1,Não
2455,35,Feminino,15,2,Produção e Montagem,6739,3,4,Não
2456,34,Masculino,1,2,Produção e Montagem,5075,4,1,Não
2460,31,Masculino,17,1,Produção e Montagem,2439,3,4,Sim
2461,41,Masculino,1,1,Comercial,2930,3,1,Não
2462,38,Feminino,7,2,Comercial,5276,3,4,Não
2465,30,Masculino,9,2,Comercial,4177,3,4,Não
2466,35,Masculino,5,2,Produção e Montagem,9751,4,4,Não
2467,34,Masculino,26,2,Comercial,5689,3,4,Sim
2468,56,Masculino,24,3,Comercial,10520,3,1,Sim
2469,57,Feminino,9,2,Produção e Montagem,2969,3,3,Não
2470,36,Masculino,7,2,Produção e Montagem,6040,4,3,Não
2471,46,Masculino,11,3,Produção e Montagem,7582,3,3,Não
2472,41,Masculino,1,1,Recursos Humanos,3063,3,2,Não
2473,58,Masculino,26,5,Recursos Humanos,19708,3,2,Não
2474,34,Feminino,2,1,Produção e Montagem,1201,3,4,Não
2475,42,Masculino,15,4,Comercial,13413,3,1,Não
2476,45,Masculino,23,2,Produção e Montagem,4404,3,3,Não
2479,34,Feminino,10,3,Produção e Montagem,11103,4,3,Não
2480,57,Feminino,10,2,Produção e Montagem,4512,3,1,Não
2481,27,Masculino,1,2,Produção e Montagem,4689,3,3,Não
2482,26,Masculino,12,1,Produção e Montagem,2719,3,4,Não
2485,43,Feminino,11,2,Produção e Montagem,6395,3,3,Não
2486,43,Feminino,2,2,Comercial,5749,3,2,Não
2487,28,Feminino,2,1,Recursos Humanos,2259,3,2,Não
2489,33,Masculino,1,1,Produção e Montagem,3820,3,2,Não
2492,28,Masculino,2,1,Produção e Montagem,4049,3,3,Não
2493,50,Masculino,25,3,Produção e Montagem,8705,4,3,Não
2494,36,Masculino,1,1,Produção e Montagem,2080,3,3,Não
2495,41,Masculino,1,2,Comercial,4512,3,2,Não
2496,34,Masculino,2,1,Comercial,3139,3,3,Não
2497,41,Masculino,6,2,Produção e Montagem,5393,3,3,Não
2498,45,Masculino,18,2,Produção e Montagem,5482,3,1,Não
2499,44,Masculino,1,1,Produção e Montagem,2854,4,4,Não
2500,50,Feminino,1,3,Produção e Montagem,12029,3,2,Não
2503,38,Masculino,11,1,Produção e Montagem,2732,3,3,Não
2507,25,Masculino,1,1,Produção e Montagem,3447,3,3,Não
2508,38,Masculino,9,2,Produção e Montagem,5170,3,3,Não
2509,36,Feminino,15,2,Produção e Montagem,4950,3,4,Não
2510,35,Feminino,29,1,Produção e Montagem,2909,3,2,Não
2512,43,Masculino,1,1,Produção e Montagem,2478,3,4,Não
2513,35,Masculino,1,1,Comercial,2341,3,2,Não
2514,42,Masculino,24,2,Produção e Montagem,4180,3,4,Não
2515,41,Feminino,10,3,Produção e Montagem,13278,3,3,Não
2516,35,Feminino,1,3,Comercial,10494,3,4,Não
2517,40,Feminino,10,3,Produção e Montagem,13816,4,4,Não
2518,28,Feminino,8,2,Comercial,4979,4,3,Não
2519,55,Masculino,29,1,Comercial,3554,3,4,Não
2520,47,Masculino,1,1,Produção e Montagem,2508,3,4,Não
2521,24,Masculino,5,1,Comercial,2452,3,1,Não
2522,42,Masculino,9,5,Produção e Montagem,19503,3,4,Não
2523,26,Masculino,9,1,Comercial,1862,3,1,Sim
2524,39,Feminino,3,3,Comercial,7716,3,4,Não
2525,39,Feminino,4,2,Produção e Montagem,5203,3,2,Não
2526,59,Masculino,1,2,Produção e Montagem,6378,4,3,Não
2527,32,Masculino,1,1,Produção e Montagem,4859,3,4,Sim
2531,45,Masculino,2,5,Produção e Montagem,18952,3,3,Não
2532,59,Masculino,7,1,Produção e Montagem,2411,3,3,Sim
2534,44,Feminino,28,4,Produção e Montagem,13642,4,2,Não
2535,37,Feminino,28,2,Comercial,6784,4,3,Não
2536,39,Masculino,15,2,Comercial,5478,4,4,Não
2537,44,Masculino,3,2,Comercial,9010,3,2,Não
2538,35,Masculino,2,1,Produção e Montagem,2511,3,1,Não
2540,38,Feminino,26,3,Recursos Humanos,8909,3,4,Não
2541,41,Feminino,10,2,Comercial,5415,3,4,Não
2544,53,Masculino,1,2,Comercial,6800,3,3,Sim
2545,39,Feminino,11,2,Comercial,6724,3,4,Não
2546,48,Feminino,20,2,Comercial,4922,3,3,Não
2548,43,Masculino,2,1,Produção e Montagem,2881,3,3,Não
2549,38,Masculino,18,2,Produção e Montagem,5761,3,3,Não
2551,43,Feminino,2,1,Produção e Montagem,2073,3,3,Não
2552,38,Feminino,1,1,Produção e Montagem,3049,3,4,Não
2553,32,Masculino,13,2,Produção e Montagem,4097,3,2,Não
2554,32,Feminino,28,1,Produção e Montagem,3857,3,1,Não
2555,53,Masculino,28,3,Comercial,10926,3,1,Sim
2556,42,Feminino,24,4,Comercial,12103,3,4,Não
2557,34,Masculino,5,2,Produção e Montagem,10008,3,1,Não
2560,29,Feminino,5,1,Comercial,3038,3,3,Não
2561,39,Masculino,23,2,Produção e Montagem,2643,3,4,Não
2562,42,Masculino,6,3,Produção e Montagem,10063,3,1,Não
2564,30,Masculino,4,2,Produção e Montagem,6214,4,2,Não
2565,52,Masculino,2,2,Comercial,5462,3,2,Não
2568,37,Masculino,8,2,Produção e Montagem,4476,3,3,Não
508,32,Masculino,5,2,TI,3572,3,4,Não
509,48,Feminino,10,3,TI,7072,4,3,Sim
510,35,Masculino,7,2,Comercial,4072,3,3,Não
511,41,Feminino,3,1,TI,3172,2,4,Sim
512,45,Masculino,6,4,Recursos Humanos,8272,5,2,Não
513,53,Feminino,4,3,Produção e Montagem,5072,4,5,Não
514,34,Masculino,8,2,TI,6072,3,3,Sim
515,37,Feminino,2,1,Comercial,4272,3,2,Não
516,31,Masculino,9,3,TI,3472,2,3,Sim
517,33,Feminino,1,2,Recursos Humanos,7872,5,4,Não
